event_time,user_id,event_type,page,device
2025-01-23 21:59:04,38,click,product,tablet
2025-01-26 20:07:04,6,scroll,product,tablet
2025-01-07 00:41:56,5,click,product,tablet
2025-01-07 03:53:57,27,view,checkout,tablet
2025-01-28 02:44:06,40,purchase,home,tablet
2025-01-24 16:18:02,57,scroll,product,tablet
2025-01-26 15:49:32,22,click,home,desktop
2025-01-27 15:33:01,92,click,checkout,mobile
2025-01-03 14:39:03,22,purchase,checkout,tablet
2025-01-20 09:37:09,12,purchase,home,mobile
2025-01-07 21:48:18,31,purchase,home,tablet
2025-01-01 17:49:10,3,scroll,home,tablet
2025-01-11 07:39:52,88,view,home,desktop
2025-01-08 23:16:27,16,scroll,home,desktop
2025-01-16 13:01:22,78,view,search,desktop
2025-01-02 23:59:00,77,scroll,checkout,desktop
2025-01-07 19:59:41,31,click,product,mobile
2025-01-04 03:32:06,20,view,checkout,desktop
2025-01-20 20:42:11,65,scroll,product,tablet
2025-01-01 16:30:32,28,scroll,checkout,tablet
2025-01-29 20:40:02,62,purchase,checkout,mobile
2025-01-23 09:25:08,94,click,product,mobile
2025-01-13 05:18:56,16,purchase,search,tablet
2025-01-04 07:36:13,34,click,product,tablet
2025-01-03 05:26:02,89,view,product,mobile
2025-01-11 02:25:27,23,click,home,tablet
2025-01-21 16:30:18,38,view,home,mobile
2025-01-14 09:53:31,32,view,home,desktop
2025-01-21 07:27:28,57,click,home,tablet
2025-01-13 21:55:23,53,scroll,search,mobile
2025-01-05 22:37:34,82,click,product,tablet
2025-01-01 08:16:13,35,purchase,product,desktop
2025-01-20 04:06:35,58,scroll,search,desktop
2025-01-01 17:04:39,24,scroll,product,mobile
2025-01-28 13:22:42,77,view,product,desktop
2025-01-12 05:08:45,2,click,product,mobile
2025-01-01 09:35:11,83,click,checkout,tablet
2025-01-08 05:52:42,1,purchase,search,tablet
2025-01-09 19:08:56,7,purchase,home,tablet
2025-01-10 16:58:29,5,click,home,mobile
2025-01-10 17:28:22,88,click,home,desktop
2025-01-24 16:28:34,81,view,checkout,desktop
2025-01-20 08:46:39,28,purchase,search,mobile
2025-01-17 17:57:50,38,scroll,search,tablet
2025-01-24 10:12:27,79,purchase,home,desktop
2025-01-07 20:37:01,25,purchase,home,tablet
2025-01-21 00:28:30,56,click,checkout,desktop
2025-01-13 06:45:31,88,click,home,mobile
2025-01-20 21:03:53,23,scroll,checkout,mobile
2025-01-20 10:47:51,14,view,home,mobile
2025-01-26 04:34:03,37,click,home,tablet
2025-01-01 12:38:54,78,view,home,desktop
2025-01-28 09:27:01,54,click,home,desktop
2025-01-12 22:05:01,24,scroll,product,desktop
2025-01-16 16:59:13,92,scroll,product,desktop
2025-01-20 18:34:09,63,scroll,product,tablet
2025-01-22 18:33:39,30,click,home,tablet
2025-01-08 01:54:08,55,purchase,checkout,mobile
2025-01-23 08:25:45,91,scroll,checkout,tablet
2025-01-21 22:55:18,70,scroll,search,mobile
2025-01-16 09:34:32,38,purchase,home,tablet
2025-01-09 01:12:51,83,view,home,tablet
2025-01-19 19:36:41,92,scroll,home,mobile
2025-01-27 02:18:20,65,click,home,tablet
2025-01-27 20:10:25,84,click,product,mobile
2025-01-24 08:10:27,79,click,home,desktop
2025-01-25 07:28:09,12,scroll,checkout,tablet
2025-01-25 18:06:56,29,view,product,desktop
2025-01-25 20:22:20,32,click,checkout,tablet
2025-01-20 15:40:18,92,click,home,desktop
2025-01-17 22:30:47,31,purchase,checkout,desktop
2025-01-12 14:39:33,20,view,search,mobile
2025-01-09 14:08:10,77,scroll,product,mobile
2025-01-26 01:03:46,69,purchase,home,desktop
2025-01-02 23:49:09,49,view,home,desktop
2025-01-19 05:30:46,73,click,product,tablet
2025-01-03 21:26:40,16,purchase,product,mobile
2025-01-28 20:35:10,6,view,search,tablet
2025-01-27 09:23:46,44,scroll,home,desktop
2025-01-26 08:01:36,78,purchase,product,mobile
2025-01-07 07:13:41,1,view,search,mobile
2025-01-06 00:42:29,79,click,product,mobile
2025-01-25 21:24:36,14,view,search,tablet
2025-01-16 12:18:44,47,scroll,home,mobile
2025-01-20 15:54:46,82,view,product,desktop
2025-01-13 08:51:32,83,purchase,checkout,mobile
2025-01-20 08:19:47,85,view,home,tablet
2025-01-12 06:44:09,62,purchase,home,desktop
2025-01-06 00:00:23,39,purchase,search,desktop
2025-01-08 06:48:01,59,scroll,product,desktop
2025-01-16 08:03:15,48,scroll,product,mobile
2025-01-20 16:10:50,30,view,product,tablet
2025-01-15 21:12:10,12,view,search,tablet
2025-01-21 17:27:01,9,view,home,tablet
2025-01-27 22:28:49,73,click,home,mobile
2025-01-25 12:20:14,86,view,checkout,desktop
2025-01-10 01:05:01,16,scroll,checkout,mobile
2025-01-13 05:16:57,43,click,product,desktop
2025-01-17 03:51:43,82,scroll,home,mobile
2025-01-30 07:56:52,17,click,product,desktop
2025-01-19 23:35:15,29,scroll,search,desktop
2025-01-08 01:38:45,38,scroll,checkout,mobile
2025-01-12 04:59:11,70,purchase,search,desktop
2025-01-08 13:12:22,38,view,checkout,desktop
2025-01-05 23:46:49,79,click,home,tablet
2025-01-09 05:46:36,64,scroll,product,desktop
2025-01-03 00:19:21,93,purchase,checkout,mobile
2025-01-17 03:36:56,2,purchase,product,desktop
2025-01-09 15:16:23,8,scroll,checkout,mobile
2025-01-04 01:11:50,79,click,home,mobile
2025-01-03 06:07:40,55,scroll,search,desktop
2025-01-23 16:09:18,58,click,search,desktop
2025-01-09 05:43:13,46,click,product,tablet
2025-01-17 01:00:47,52,view,search,tablet
2025-01-03 07:21:45,80,purchase,product,mobile
2025-01-29 06:48:33,82,scroll,checkout,mobile
2025-01-21 00:01:55,98,click,search,desktop
2025-01-03 06:33:38,56,purchase,home,desktop
2025-01-21 03:12:53,92,click,product,desktop
2025-01-25 03:32:23,40,click,product,mobile
2025-01-24 22:54:07,42,scroll,checkout,tablet
2025-01-30 04:37:01,60,purchase,home,desktop
2025-01-15 19:11:18,50,purchase,search,tablet
2025-01-23 06:29:29,14,click,product,mobile
2025-01-08 02:29:34,9,scroll,home,tablet
2025-01-23 09:52:55,10,scroll,search,desktop
2025-01-27 10:33:38,57,view,product,tablet
2025-01-25 02:49:55,59,view,product,desktop
2025-01-10 09:08:23,30,view,search,mobile
2025-01-26 07:58:38,57,view,search,tablet
2025-01-17 15:08:24,98,click,home,desktop
2025-01-19 13:28:29,89,purchase,home,tablet
2025-01-16 14:58:19,55,purchase,product,tablet
2025-01-11 02:39:26,30,scroll,search,mobile
2025-01-27 10:00:20,70,scroll,search,desktop
2025-01-20 13:20:21,38,scroll,product,tablet
2025-01-29 14:42:44,41,purchase,home,mobile
2025-01-01 14:24:07,99,view,checkout,desktop
2025-01-15 16:11:48,91,view,product,tablet
2025-01-06 05:32:57,54,purchase,product,tablet
2025-01-25 23:32:52,92,purchase,home,mobile
2025-01-26 18:21:23,22,click,search,desktop
2025-01-22 21:03:31,78,view,product,desktop
2025-01-21 12:18:03,26,purchase,checkout,mobile
2025-01-27 20:12:17,74,click,home,mobile
2025-01-04 12:30:08,15,click,product,tablet
2025-01-12 22:37:14,85,click,product,tablet
2025-01-23 12:51:27,46,purchase,product,desktop
2025-01-14 18:44:53,70,scroll,home,desktop
2025-01-27 23:30:17,40,view,search,desktop
2025-01-21 21:51:15,51,view,search,desktop
2025-01-13 15:04:45,38,click,checkout,tablet
2025-01-17 14:56:43,82,click,home,desktop
2025-01-23 07:55:46,27,scroll,home,desktop
2025-01-23 15:07:52,72,scroll,product,desktop
2025-01-11 03:06:36,67,click,search,mobile
2025-01-05 17:23:19,25,view,product,mobile
2025-01-29 08:54:33,97,purchase,home,mobile
2025-01-28 02:46:26,50,purchase,checkout,tablet
2025-01-18 22:05:21,4,scroll,product,tablet
2025-01-03 23:32:52,54,scroll,search,mobile
2025-01-14 02:18:26,2,scroll,checkout,desktop
2025-01-08 03:07:28,97,scroll,checkout,desktop
2025-01-16 15:01:45,53,scroll,home,tablet
2025-01-23 02:53:17,55,scroll,checkout,mobile
2025-01-19 04:54:50,83,view,home,mobile
2025-01-27 21:34:52,32,click,home,desktop
2025-01-14 03:23:42,55,purchase,home,desktop
2025-01-13 23:40:40,50,purchase,product,tablet
2025-01-09 11:08:57,66,purchase,home,desktop
2025-01-29 09:37:02,27,purchase,home,mobile
2025-01-28 09:30:13,30,click,product,desktop
2025-01-08 22:16:16,36,click,search,mobile
2025-01-22 21:24:10,55,view,search,mobile
2025-01-17 21:56:37,69,purchase,home,tablet
2025-01-26 09:06:20,74,view,search,desktop
2025-01-20 00:47:58,87,click,home,tablet
2025-01-25 15:59:56,17,purchase,product,mobile
2025-01-23 03:07:15,59,purchase,home,desktop
2025-01-08 11:10:53,99,click,search,desktop
2025-01-05 12:51:39,67,scroll,home,tablet
2025-01-02 14:49:26,23,click,search,desktop
2025-01-26 00:36:40,96,view,product,desktop
2025-01-12 14:58:10,71,click,checkout,mobile
2025-01-15 03:22:37,56,purchase,home,tablet
2025-01-07 17:33:55,51,scroll,checkout,mobile
2025-01-12 22:41:02,62,view,search,desktop
2025-01-22 09:08:14,3,purchase,home,desktop
2025-01-26 07:43:14,41,scroll,product,desktop
2025-01-07 07:59:04,72,click,checkout,mobile
2025-01-16 19:13:56,42,scroll,product,mobile
2025-01-05 11:16:11,89,scroll,home,desktop
2025-01-29 16:06:41,53,click,home,mobile
2025-01-08 23:30:24,74,view,search,desktop
2025-01-06 17:05:40,93,view,product,tablet
2025-01-08 23:13:13,22,click,search,tablet
2025-01-02 04:52:00,29,scroll,home,desktop
2025-01-17 22:21:17,23,view,search,mobile
2025-01-23 10:45:47,61,click,checkout,desktop
2025-01-23 14:52:46,86,purchase,checkout,desktop
2025-01-18 00:33:30,44,purchase,checkout,tablet
2025-01-20 14:09:18,4,scroll,product,tablet
2025-01-13 11:48:18,9,purchase,checkout,mobile
2025-01-27 04:10:16,98,scroll,checkout,desktop
2025-01-23 18:47:14,35,click,search,desktop
2025-01-14 08:15:15,59,purchase,search,mobile
2025-01-30 06:02:09,40,view,checkout,mobile
2025-01-08 18:00:49,72,view,search,desktop
2025-01-05 12:12:40,88,scroll,search,desktop
2025-01-28 22:29:42,13,scroll,home,desktop
2025-01-15 19:34:31,66,purchase,product,mobile
2025-01-23 15:05:39,55,scroll,home,tablet
2025-01-30 08:04:06,9,click,search,mobile
2025-01-16 10:40:09,79,click,checkout,mobile
2025-01-09 20:25:19,73,scroll,checkout,tablet
2025-01-08 03:24:34,86,scroll,product,desktop
2025-01-28 04:20:08,40,scroll,product,mobile
2025-01-04 19:03:42,55,click,search,tablet
2025-01-23 05:21:48,47,purchase,product,mobile
2025-01-29 12:23:28,1,purchase,checkout,desktop
2025-01-06 14:57:01,48,scroll,product,tablet
2025-01-16 05:21:17,28,click,checkout,desktop
2025-01-26 11:24:07,42,click,checkout,tablet
2025-01-26 13:17:08,16,scroll,search,desktop
2025-01-08 15:11:05,67,view,checkout,mobile
2025-01-21 05:01:48,14,click,checkout,tablet
2025-01-07 11:06:35,34,view,product,desktop
2025-01-14 20:45:14,28,scroll,product,mobile
2025-01-20 12:36:44,72,purchase,home,tablet
2025-01-12 22:55:08,47,purchase,checkout,desktop
2025-01-22 07:06:21,54,scroll,search,mobile
2025-01-11 08:08:58,13,scroll,search,mobile
2025-01-26 08:39:49,18,click,search,mobile
2025-01-01 22:55:42,74,click,search,desktop
2025-01-02 00:46:21,64,view,product,mobile
2025-01-26 18:41:59,93,purchase,checkout,desktop
2025-01-09 16:25:20,73,click,search,mobile
2025-01-01 16:41:24,44,view,home,mobile
2025-01-27 16:39:10,53,click,home,tablet
2025-01-14 02:04:22,67,click,product,mobile
2025-01-08 22:06:05,58,purchase,search,desktop
2025-01-04 14:35:02,41,view,checkout,tablet
2025-01-13 21:57:47,39,scroll,home,tablet
2025-01-13 06:01:18,33,scroll,checkout,tablet
2025-01-01 06:13:07,76,purchase,search,tablet
2025-01-02 14:14:12,37,scroll,search,desktop
2025-01-21 09:25:44,52,click,product,tablet
2025-01-14 19:45:03,34,view,product,desktop
2025-01-29 23:07:56,67,purchase,search,tablet
2025-01-15 22:44:52,2,scroll,search,mobile
2025-01-24 17:41:19,68,purchase,home,mobile
2025-01-12 07:15:10,17,purchase,search,mobile
2025-01-06 20:01:52,51,scroll,product,mobile
2025-01-02 12:04:57,89,click,product,mobile
2025-01-09 07:34:19,89,purchase,home,tablet
2025-01-09 08:20:53,58,view,search,desktop
2025-01-24 19:57:52,22,scroll,search,desktop
2025-01-19 03:18:53,92,purchase,product,desktop
2025-01-03 14:08:23,17,view,home,mobile
2025-01-24 06:24:44,71,click,checkout,desktop
2025-01-23 16:45:25,53,view,home,tablet
2025-01-09 04:03:35,14,view,product,tablet
2025-01-25 09:04:37,69,view,home,mobile
2025-01-01 22:46:19,33,click,checkout,desktop
2025-01-13 17:05:43,82,view,search,mobile
2025-01-01 08:56:21,88,purchase,checkout,mobile
2025-01-27 14:42:03,75,view,home,mobile
2025-01-08 05:12:38,14,click,search,mobile
2025-01-02 17:11:22,56,purchase,home,desktop
2025-01-22 01:08:09,58,click,home,tablet
2025-01-08 19:34:55,90,scroll,checkout,desktop
2025-01-27 07:32:41,77,purchase,product,mobile
2025-01-22 23:45:20,53,scroll,search,desktop
2025-01-11 19:29:55,51,purchase,checkout,tablet
2025-01-27 23:58:32,71,scroll,product,mobile
2025-01-02 13:18:46,69,purchase,search,desktop
2025-01-15 01:13:46,50,scroll,checkout,desktop
2025-01-22 18:16:44,94,scroll,checkout,mobile
2025-01-01 20:36:40,19,purchase,home,desktop
2025-01-05 13:21:59,21,purchase,product,desktop
2025-01-01 04:47:45,44,view,checkout,desktop
2025-01-16 22:20:47,60,scroll,search,mobile
2025-01-15 20:30:33,29,view,product,mobile
2025-01-01 02:29:13,74,purchase,product,mobile
2025-01-24 21:14:29,86,scroll,product,mobile
2025-01-07 20:15:50,4,click,checkout,mobile
2025-01-18 19:51:52,62,purchase,search,desktop
2025-01-25 22:53:27,87,purchase,checkout,desktop
2025-01-06 18:53:59,12,click,search,mobile
2025-01-08 00:49:29,15,view,search,tablet
2025-01-18 20:01:19,24,view,home,tablet
2025-01-29 20:25:42,38,scroll,product,mobile
2025-01-03 06:49:44,71,scroll,home,desktop
2025-01-09 12:36:02,65,purchase,product,mobile
2025-01-26 17:32:31,96,click,home,mobile
2025-01-15 15:53:10,19,scroll,search,mobile
2025-01-07 06:07:40,94,view,search,desktop
2025-01-26 17:23:54,45,view,checkout,mobile
2025-01-30 07:47:22,9,click,search,tablet
2025-01-18 06:50:45,5,click,search,mobile
2025-01-20 17:50:31,18,scroll,product,tablet
2025-01-02 16:43:49,8,scroll,home,tablet
2025-01-05 02:25:36,53,view,search,mobile
2025-01-19 11:08:16,70,view,product,tablet
2025-01-02 02:08:34,13,view,product,mobile
2025-01-23 06:09:45,16,click,search,desktop
2025-01-17 13:17:12,61,click,home,desktop
2025-01-14 02:24:08,37,purchase,product,desktop
2025-01-06 13:25:33,38,purchase,search,mobile
2025-01-25 10:22:15,1,click,product,mobile
2025-01-02 18:30:07,43,scroll,product,mobile
2025-01-23 01:42:30,15,view,checkout,mobile
2025-01-03 03:24:02,13,click,search,mobile
2025-01-30 06:44:55,43,scroll,search,desktop
2025-01-03 02:28:02,100,purchase,search,tablet
2025-01-24 12:09:25,5,scroll,search,desktop
2025-01-26 10:46:06,47,scroll,product,mobile
2025-01-09 09:50:01,88,scroll,home,desktop
2025-01-29 09:54:15,13,scroll,home,desktop
2025-01-21 01:00:45,6,click,product,tablet
2025-01-24 11:56:40,49,view,home,tablet
2025-01-24 04:25:50,73,purchase,checkout,desktop
2025-01-24 12:42:30,59,click,search,desktop
2025-01-02 04:24:06,82,purchase,checkout,mobile
2025-01-14 05:11:16,3,click,home,mobile
2025-01-21 16:53:50,52,scroll,checkout,mobile
2025-01-01 19:23:28,9,scroll,product,mobile
2025-01-21 00:41:15,34,view,search,desktop
2025-01-05 14:06:24,97,view,checkout,tablet
2025-01-21 20:09:07,32,scroll,home,desktop
2025-01-16 23:31:14,23,scroll,home,mobile
2025-01-27 06:26:50,55,scroll,search,tablet
2025-01-02 11:54:45,43,view,product,mobile
2025-01-17 20:12:46,5,view,home,mobile
2025-01-08 10:12:19,12,scroll,search,mobile
2025-01-18 02:11:54,69,scroll,search,tablet
2025-01-04 07:27:43,10,click,home,desktop
2025-01-14 06:13:17,25,scroll,home,tablet
2025-01-20 02:26:37,39,purchase,product,desktop
2025-01-02 15:55:49,14,scroll,home,desktop
2025-01-20 21:35:36,56,scroll,product,desktop
2025-01-29 19:59:19,94,click,search,tablet
2025-01-24 02:37:56,43,scroll,product,mobile
2025-01-19 03:45:07,64,scroll,product,tablet
2025-01-01 03:29:20,99,view,checkout,tablet
2025-01-24 13:19:05,69,view,checkout,mobile
2025-01-06 18:43:52,25,view,home,mobile
2025-01-12 20:50:12,40,click,product,desktop
2025-01-07 14:38:32,97,scroll,home,mobile
2025-01-14 09:46:56,52,purchase,home,mobile
2025-01-03 02:18:36,85,purchase,home,desktop
2025-01-21 13:35:42,93,scroll,product,mobile
2025-01-20 19:23:37,40,purchase,home,tablet
2025-01-11 19:15:12,95,purchase,home,tablet
2025-01-25 20:44:20,27,scroll,checkout,desktop
2025-01-13 21:20:49,92,purchase,search,desktop
2025-01-01 09:29:28,76,click,checkout,desktop
2025-01-15 02:24:12,45,purchase,home,tablet
2025-01-25 15:59:44,36,purchase,home,mobile
2025-01-17 23:34:25,46,view,search,mobile
2025-01-01 05:12:08,71,scroll,home,tablet
2025-01-03 18:53:22,41,scroll,checkout,mobile
2025-01-07 17:07:50,50,view,product,tablet
2025-01-24 01:07:55,36,purchase,search,desktop
2025-01-30 04:33:11,100,scroll,product,tablet
2025-01-04 06:35:19,17,click,home,tablet
2025-01-27 01:14:19,62,view,home,desktop
2025-01-13 06:22:45,49,view,product,desktop
2025-01-02 20:05:08,99,scroll,home,tablet
2025-01-19 22:00:42,50,scroll,home,mobile
2025-01-07 20:51:20,88,view,product,desktop
2025-01-14 02:24:47,88,scroll,checkout,desktop
2025-01-02 06:33:03,91,click,search,mobile
2025-01-19 15:16:14,71,purchase,home,tablet
2025-01-12 18:03:48,66,purchase,search,desktop
2025-01-26 07:54:23,22,view,search,desktop
2025-01-24 18:25:47,53,view,checkout,tablet
2025-01-26 06:34:51,32,scroll,search,mobile
2025-01-03 23:24:29,89,scroll,product,mobile
2025-01-17 12:19:18,28,purchase,checkout,mobile
2025-01-06 06:32:41,64,purchase,product,tablet
2025-01-12 01:20:18,76,purchase,home,tablet
2025-01-05 05:46:24,22,view,product,mobile
2025-01-01 04:18:48,36,purchase,product,mobile
2025-01-17 10:13:14,87,view,home,mobile
2025-01-23 22:26:32,25,click,home,tablet
2025-01-04 00:29:35,90,purchase,checkout,tablet
2025-01-01 21:51:19,33,click,product,desktop
2025-01-30 02:40:26,94,purchase,search,tablet
2025-01-06 06:30:35,77,click,checkout,tablet
2025-01-22 15:38:08,32,click,home,desktop
2025-01-15 18:59:38,8,view,search,desktop
2025-01-24 18:19:39,99,purchase,product,tablet
2025-01-28 10:02:01,74,purchase,home,mobile
2025-01-10 16:12:57,43,click,product,tablet
2025-01-01 01:48:50,87,view,home,mobile
2025-01-06 16:29:35,10,click,checkout,desktop
2025-01-16 17:51:14,59,click,home,desktop
2025-01-13 12:32:17,69,scroll,checkout,desktop
2025-01-18 18:52:17,77,scroll,home,desktop
2025-01-16 12:16:14,28,purchase,checkout,tablet
2025-01-22 02:57:24,31,purchase,checkout,mobile
2025-01-02 13:56:56,3,scroll,product,mobile
2025-01-01 00:40:26,23,purchase,product,desktop
2025-01-20 17:08:21,64,purchase,search,desktop
2025-01-09 10:10:48,74,purchase,search,desktop
2025-01-05 22:45:17,45,click,checkout,desktop
2025-01-20 19:14:03,43,purchase,home,mobile
2025-01-26 00:21:19,66,purchase,checkout,tablet
2025-01-11 00:25:21,81,view,product,tablet
2025-01-06 07:14:49,30,purchase,home,tablet
2025-01-28 01:10:13,62,click,checkout,tablet
2025-01-03 01:52:53,21,click,home,desktop
2025-01-28 05:24:06,39,view,search,desktop
2025-01-10 05:16:52,63,click,product,desktop
2025-01-25 02:04:59,55,click,product,tablet
2025-01-29 16:16:01,65,scroll,search,desktop
2025-01-14 04:38:58,34,scroll,checkout,desktop
2025-01-02 23:49:12,65,purchase,checkout,tablet
2025-01-23 00:26:58,98,purchase,product,mobile
2025-01-09 20:38:59,47,scroll,checkout,mobile
2025-01-19 13:17:47,52,scroll,search,mobile
2025-01-22 18:05:40,68,view,checkout,desktop
2025-01-20 22:53:53,8,click,home,desktop
2025-01-02 13:58:27,50,click,search,tablet
2025-01-10 14:07:50,77,click,checkout,tablet
2025-01-04 09:24:39,55,purchase,home,desktop
2025-01-04 14:55:11,51,purchase,product,desktop
2025-01-10 11:26:36,95,click,checkout,desktop
2025-01-21 22:40:18,16,view,search,tablet
2025-01-24 02:21:44,34,scroll,search,tablet
2025-01-08 10:35:00,83,scroll,search,tablet
2025-01-05 19:58:28,63,scroll,home,desktop
2025-01-09 02:12:12,8,view,home,mobile
2025-01-17 06:46:50,87,purchase,home,mobile
2025-01-10 03:47:49,51,view,checkout,mobile
2025-01-18 04:12:36,39,click,checkout,tablet
2025-01-23 14:10:19,17,click,product,mobile
2025-01-18 06:47:50,26,view,home,desktop
2025-01-27 05:10:23,25,scroll,checkout,desktop
2025-01-22 05:31:37,38,click,checkout,desktop
2025-01-19 00:41:15,6,purchase,product,tablet
2025-01-23 13:33:38,78,click,search,mobile
2025-01-19 10:11:20,76,purchase,product,tablet
2025-01-18 15:29:35,40,purchase,product,tablet
2025-01-26 17:58:05,12,purchase,home,mobile
2025-01-29 07:04:26,47,scroll,checkout,tablet
2025-01-04 04:16:11,75,click,product,mobile
2025-01-24 21:28:39,74,purchase,search,mobile
2025-01-06 12:57:13,77,purchase,home,tablet
2025-01-15 02:51:03,41,click,search,tablet
2025-01-18 23:38:04,22,purchase,product,tablet
2025-01-28 22:05:46,1,scroll,checkout,mobile
2025-01-02 01:38:37,76,purchase,search,tablet
2025-01-13 02:09:54,11,view,product,tablet
2025-01-03 14:04:20,3,click,home,mobile
2025-01-18 07:47:04,71,view,product,tablet
2025-01-27 18:48:58,82,view,home,desktop
2025-01-24 05:20:35,59,view,product,mobile
2025-01-07 22:36:04,56,purchase,checkout,desktop
2025-01-12 14:23:57,71,view,checkout,tablet
2025-01-14 03:23:22,95,scroll,home,desktop
2025-01-12 22:03:25,41,click,checkout,tablet
2025-01-26 08:21:50,26,scroll,search,tablet
2025-01-04 03:20:40,70,purchase,search,desktop
2025-01-11 15:40:59,76,scroll,product,desktop
2025-01-12 11:47:45,78,view,home,mobile
2025-01-06 22:55:40,96,scroll,home,desktop
2025-01-30 06:41:52,25,scroll,checkout,mobile
2025-01-22 17:33:57,13,view,home,desktop
2025-01-07 20:04:19,69,click,search,mobile
2025-01-28 06:49:04,91,scroll,product,desktop
2025-01-02 00:02:21,14,click,checkout,mobile
2025-01-25 19:09:10,51,purchase,home,desktop
2025-01-25 15:18:18,33,view,home,mobile
2025-01-07 13:42:58,1,purchase,search,tablet
2025-01-15 13:01:29,92,purchase,home,desktop
2025-01-20 13:10:15,63,purchase,home,desktop
2025-01-18 00:36:39,2,click,checkout,tablet
2025-01-18 15:29:10,5,view,checkout,tablet
2025-01-04 23:41:00,71,scroll,search,tablet
2025-01-20 06:30:05,91,view,checkout,tablet
2025-01-12 03:54:28,64,click,checkout,mobile
2025-01-13 14:35:20,8,scroll,search,mobile
2025-01-20 01:14:31,58,purchase,home,mobile
2025-01-18 22:24:38,70,purchase,home,desktop
2025-01-27 16:18:46,41,purchase,product,mobile
2025-01-03 13:58:57,7,view,checkout,desktop
2025-01-11 13:35:18,45,scroll,product,desktop
2025-01-05 13:46:41,82,click,checkout,tablet
2025-01-25 16:54:28,35,purchase,checkout,tablet
2025-01-13 09:09:50,10,scroll,product,desktop
2025-01-22 14:58:02,75,view,home,mobile
2025-01-28 03:02:24,52,scroll,home,desktop
2025-01-30 00:44:34,44,view,checkout,desktop
2025-01-04 02:39:59,26,view,product,mobile
2025-01-22 14:48:54,14,scroll,product,desktop
2025-01-24 05:33:26,41,view,product,mobile
2025-01-11 22:54:29,41,scroll,checkout,tablet
2025-01-01 16:55:26,16,purchase,search,mobile
2025-01-15 15:51:31,86,click,search,desktop
2025-01-02 21:15:01,37,scroll,search,tablet
2025-01-20 11:06:10,67,purchase,checkout,tablet
2025-01-19 13:37:12,14,view,checkout,desktop
2025-01-30 03:24:15,54,click,search,tablet
2025-01-08 14:49:39,29,scroll,search,desktop
2025-01-28 11:57:20,62,scroll,home,desktop
2025-01-15 04:45:22,30,purchase,home,mobile
2025-01-05 01:17:20,100,click,product,tablet
2025-01-08 09:55:43,76,view,home,mobile
2025-01-03 02:56:50,48,purchase,home,desktop
2025-01-29 06:54:57,87,scroll,product,tablet
2025-01-16 00:51:18,63,view,search,mobile
2025-01-12 18:54:22,74,view,search,mobile
2025-01-05 06:55:08,36,view,product,mobile
2025-01-22 10:48:04,76,click,search,tablet
2025-01-02 15:24:47,18,scroll,home,tablet
2025-01-19 14:00:07,18,purchase,home,mobile
2025-01-17 22:34:54,71,scroll,checkout,tablet
2025-01-03 19:17:19,80,click,search,desktop
2025-01-05 19:50:29,39,view,search,tablet
2025-01-29 02:20:52,66,scroll,checkout,tablet
2025-01-12 18:30:50,67,scroll,home,mobile
2025-01-24 11:13:15,19,scroll,search,desktop
2025-01-28 20:21:59,40,view,product,mobile
2025-01-02 13:01:39,97,purchase,checkout,mobile
2025-01-28 07:53:28,39,click,search,mobile
2025-01-01 22:53:37,67,click,product,desktop
2025-01-22 14:33:57,57,click,home,mobile
2025-01-06 15:26:40,97,scroll,search,mobile
2025-01-18 23:11:43,20,scroll,home,tablet
2025-01-06 15:11:13,26,purchase,product,tablet
2025-01-15 04:51:12,52,view,checkout,desktop
2025-01-26 18:01:03,49,click,search,mobile
2025-01-23 11:48:36,45,scroll,home,desktop
2025-01-15 13:29:53,21,scroll,product,desktop
2025-01-17 00:47:29,79,scroll,checkout,tablet
2025-01-29 00:55:52,77,purchase,search,tablet
2025-01-28 19:08:00,21,view,checkout,tablet
2025-01-27 18:50:56,60,scroll,search,tablet
2025-01-21 21:29:30,98,click,checkout,mobile
2025-01-14 23:57:14,48,view,checkout,desktop
2025-01-15 05:21:35,17,scroll,search,desktop
2025-01-27 08:07:53,49,purchase,checkout,mobile
2025-01-15 00:42:11,12,scroll,home,tablet
2025-01-10 03:47:05,97,scroll,product,desktop
2025-01-22 10:28:38,9,view,home,tablet
2025-01-06 18:46:49,75,purchase,checkout,tablet
2025-01-30 15:01:45,31,scroll,search,mobile
2025-01-13 03:30:27,78,view,product,tablet
2025-01-03 19:49:06,51,view,home,desktop
2025-01-28 00:10:01,69,purchase,search,tablet
2025-01-26 14:40:17,32,view,search,desktop
2025-01-18 22:51:44,43,click,checkout,desktop
2025-01-20 20:21:29,59,purchase,search,desktop
2025-01-28 02:26:16,60,purchase,checkout,mobile
2025-01-24 15:55:37,99,view,search,tablet
2025-01-06 03:32:56,47,purchase,checkout,desktop
2025-01-13 22:09:17,1,click,product,tablet
2025-01-19 15:40:10,41,view,checkout,desktop
2025-01-23 19:36:10,64,purchase,checkout,mobile
2025-01-22 12:24:10,48,view,checkout,desktop
2025-01-19 17:49:15,20,scroll,home,mobile
2025-01-14 23:18:03,10,view,home,tablet
2025-01-14 09:21:53,34,view,product,mobile
2025-01-07 07:24:28,19,scroll,home,mobile
2025-01-17 01:23:37,53,view,checkout,desktop
2025-01-03 02:38:21,59,view,home,mobile
2025-01-22 06:59:23,77,scroll,search,tablet
2025-01-01 19:02:33,100,click,checkout,mobile
2025-01-08 00:47:28,40,view,search,desktop
2025-01-19 03:29:35,55,scroll,checkout,mobile
2025-01-15 04:23:18,40,click,product,desktop
2025-01-05 17:33:34,69,view,product,tablet
2025-01-10 14:31:10,16,click,home,desktop
2025-01-14 23:14:31,10,view,search,desktop
2025-01-11 08:34:59,35,scroll,home,mobile
2025-01-19 11:12:05,53,view,checkout,tablet
2025-01-24 17:27:30,2,view,product,tablet
2025-01-29 01:06:29,94,purchase,home,tablet
2025-01-20 05:44:32,80,purchase,home,mobile
2025-01-27 12:21:59,28,scroll,checkout,mobile
2025-01-20 21:28:29,42,scroll,product,mobile
2025-01-12 13:09:36,60,click,search,mobile
2025-01-28 23:54:04,91,purchase,product,desktop
2025-01-15 01:07:49,78,click,checkout,mobile
2025-01-02 04:20:52,38,scroll,product,desktop
2025-01-27 22:13:10,17,view,home,tablet
2025-01-11 08:37:48,35,purchase,checkout,mobile
2025-01-04 18:57:29,56,click,search,mobile
2025-01-27 03:20:55,63,click,search,tablet
2025-01-14 22:13:13,14,purchase,home,desktop
2025-01-16 07:45:34,64,view,search,tablet
2025-01-25 06:16:24,94,view,checkout,desktop
2025-01-06 14:25:50,92,click,checkout,desktop
2025-01-04 00:29:14,77,view,product,desktop
2025-01-13 05:08:54,98,scroll,search,mobile
2025-01-29 21:19:05,14,scroll,checkout,tablet
2025-01-09 20:08:38,24,click,checkout,mobile
2025-01-28 21:26:25,1,click,checkout,mobile
2025-01-25 05:23:59,84,click,home,mobile
2025-01-09 02:34:10,58,scroll,home,mobile
2025-01-04 11:28:41,97,scroll,search,desktop
2025-01-05 14:39:28,96,scroll,search,mobile
2025-01-19 10:42:08,97,scroll,checkout,tablet
2025-01-19 01:07:29,39,scroll,checkout,tablet
2025-01-29 16:08:56,8,click,home,desktop
2025-01-08 22:19:59,51,purchase,search,desktop
2025-01-26 13:56:11,34,purchase,product,mobile
2025-01-21 21:21:48,30,scroll,product,desktop
2025-01-26 11:08:25,2,click,search,mobile
2025-01-04 17:01:47,29,purchase,search,desktop
2025-01-18 03:29:36,61,purchase,product,mobile
2025-01-24 22:47:33,60,purchase,product,desktop
2025-01-23 09:08:57,97,view,search,tablet
2025-01-09 01:44:55,98,purchase,search,tablet
2025-01-09 22:12:33,35,purchase,checkout,tablet
2025-01-16 23:26:15,51,click,product,tablet
2025-01-12 15:30:47,25,scroll,home,mobile
2025-01-26 01:59:12,63,purchase,home,tablet
2025-01-02 01:52:24,2,click,product,mobile
2025-01-27 01:16:18,87,purchase,home,mobile
2025-01-08 02:26:47,70,scroll,home,mobile
2025-01-29 23:41:58,36,view,home,tablet
2025-01-25 13:45:37,65,purchase,checkout,desktop
2025-01-24 08:12:02,77,view,product,mobile
2025-01-26 18:47:55,22,view,search,tablet
2025-01-29 21:05:03,94,click,home,mobile
2025-01-24 08:30:34,40,purchase,search,tablet
2025-01-27 12:33:37,55,click,checkout,mobile
2025-01-28 16:39:02,1,view,search,tablet
2025-01-08 21:45:44,71,click,home,desktop
2025-01-04 00:45:29,81,view,checkout,mobile
2025-01-27 04:03:11,57,click,search,mobile
2025-01-10 19:37:28,83,scroll,home,desktop
2025-01-27 04:16:20,30,click,product,desktop
2025-01-15 09:35:39,18,view,product,mobile
2025-01-18 20:08:50,38,scroll,product,desktop
2025-01-20 17:32:39,36,scroll,checkout,tablet
2025-01-18 21:57:27,64,view,checkout,tablet
2025-01-30 10:45:32,85,scroll,product,tablet
2025-01-24 10:07:08,60,view,product,desktop
2025-01-01 06:16:18,62,scroll,home,mobile
2025-01-11 18:22:19,49,view,checkout,mobile
2025-01-28 14:46:06,42,view,product,mobile
2025-01-08 03:22:09,51,click,home,desktop
2025-01-20 10:12:04,6,view,product,desktop
2025-01-04 13:23:51,45,view,home,tablet
2025-01-10 15:24:33,45,click,search,mobile
2025-01-15 13:49:57,97,view,search,mobile
2025-01-18 02:11:44,51,purchase,search,tablet
2025-01-28 03:55:11,36,click,product,desktop
2025-01-09 02:16:49,15,click,search,desktop
2025-01-22 11:34:03,33,click,checkout,desktop
2025-01-30 01:34:51,100,view,home,tablet
2025-01-24 15:01:11,56,purchase,home,mobile
2025-01-07 02:37:19,70,view,product,tablet
2025-01-10 14:28:32,96,click,search,tablet
2025-01-21 22:54:36,41,view,product,desktop
2025-01-15 20:27:33,26,view,search,mobile
2025-01-27 16:37:05,34,view,product,tablet
2025-01-25 08:55:33,93,view,search,tablet
2025-01-13 23:55:11,48,click,product,desktop
2025-01-29 18:30:35,13,purchase,checkout,desktop
2025-01-02 09:44:29,75,view,product,tablet
2025-01-29 09:43:52,90,click,checkout,desktop
2025-01-06 03:46:54,80,click,product,mobile
2025-01-27 15:42:47,42,view,home,desktop
2025-01-18 06:48:07,38,scroll,product,desktop
2025-01-25 09:36:02,55,click,home,desktop
2025-01-01 12:36:03,25,view,home,desktop
2025-01-03 22:06:01,99,purchase,home,tablet
2025-01-30 16:09:18,57,scroll,home,desktop
2025-01-12 06:20:02,4,purchase,home,tablet
2025-01-12 00:55:25,59,scroll,home,desktop
2025-01-17 15:55:44,86,scroll,search,mobile
2025-01-15 02:38:41,69,scroll,checkout,desktop
2025-01-28 18:50:57,40,purchase,home,desktop
2025-01-19 03:37:32,80,scroll,product,tablet
2025-01-02 19:41:11,70,scroll,home,mobile
2025-01-16 03:53:11,25,purchase,checkout,desktop
2025-01-01 12:28:26,61,view,checkout,tablet
2025-01-16 15:19:11,24,purchase,home,tablet
2025-01-28 21:40:36,27,scroll,home,desktop
2025-01-19 13:55:10,18,click,product,desktop
2025-01-20 07:23:59,62,purchase,checkout,tablet
2025-01-07 20:48:33,29,scroll,checkout,desktop
2025-01-27 23:11:13,24,purchase,search,desktop
2025-01-24 04:00:53,58,scroll,home,desktop
2025-01-11 07:05:51,63,scroll,home,desktop
2025-01-28 08:13:45,76,view,home,mobile
2025-01-06 08:20:42,75,view,search,tablet
2025-01-29 07:22:12,71,purchase,checkout,desktop
2025-01-21 22:54:25,52,click,search,mobile
2025-01-24 18:18:29,17,scroll,home,desktop
2025-01-15 02:00:38,2,purchase,product,mobile
2025-01-18 23:11:00,95,purchase,product,desktop
2025-01-04 03:55:41,53,scroll,search,desktop
2025-01-16 16:03:47,15,purchase,product,mobile
2025-01-09 09:35:21,92,click,product,tablet
2025-01-19 08:09:23,95,click,search,mobile
2025-01-08 21:30:34,19,click,home,desktop
2025-01-15 16:46:45,26,purchase,product,tablet
2025-01-20 23:51:34,8,purchase,search,mobile
2025-01-28 07:11:09,81,click,search,mobile
2025-01-04 11:22:44,59,view,search,tablet
2025-01-08 08:54:31,47,purchase,product,desktop
2025-01-27 01:28:43,20,scroll,product,mobile
2025-01-18 08:09:28,34,scroll,product,tablet
2025-01-29 18:02:32,37,purchase,search,tablet
2025-01-20 21:47:28,16,purchase,checkout,mobile
2025-01-29 18:03:49,84,click,product,mobile
2025-01-05 07:44:07,29,scroll,checkout,mobile
2025-01-02 00:17:56,76,purchase,search,tablet
2025-01-23 08:45:59,38,view,search,mobile
2025-01-06 04:41:14,56,purchase,home,tablet
2025-01-26 13:44:09,89,purchase,home,tablet
2025-01-14 20:30:42,14,click,checkout,desktop
2025-01-01 08:36:19,4,click,home,tablet
2025-01-20 10:46:09,93,view,home,tablet
2025-01-03 06:26:03,90,view,product,mobile
2025-01-17 06:37:13,63,purchase,checkout,mobile
2025-01-12 15:47:28,100,view,product,tablet
2025-01-19 02:55:34,72,scroll,search,tablet
2025-01-15 13:50:07,92,purchase,search,mobile
2025-01-07 22:12:16,16,purchase,checkout,desktop
2025-01-14 19:06:02,93,view,home,mobile
2025-01-15 02:55:25,12,purchase,home,mobile
2025-01-11 21:36:55,63,click,checkout,tablet
2025-01-11 16:43:23,37,view,home,tablet
2025-01-01 20:20:41,47,click,product,mobile
2025-01-30 00:13:59,60,view,checkout,mobile
2025-01-29 03:31:06,9,view,product,tablet
2025-01-15 12:41:35,46,purchase,checkout,desktop
2025-01-07 18:58:10,44,purchase,checkout,desktop
2025-01-15 15:18:27,6,scroll,home,mobile
2025-01-09 09:28:38,99,purchase,search,tablet
2025-01-06 13:59:11,1,view,search,tablet
2025-01-16 08:54:49,42,click,home,desktop
2025-01-07 23:02:58,93,purchase,product,tablet
2025-01-09 16:08:46,57,view,checkout,desktop
2025-01-04 13:53:14,45,view,home,tablet
2025-01-08 02:26:54,3,purchase,checkout,mobile
2025-01-21 07:01:59,72,click,product,tablet
2025-01-07 07:35:25,34,scroll,home,mobile
2025-01-04 10:25:32,24,view,product,tablet
2025-01-26 02:48:00,93,click,product,desktop
2025-01-24 19:25:17,36,purchase,search,desktop
2025-01-07 13:29:32,32,purchase,checkout,mobile
2025-01-13 14:51:58,46,purchase,checkout,desktop
2025-01-02 09:40:31,16,view,home,mobile
2025-01-01 21:25:20,93,click,checkout,desktop
2025-01-08 20:49:09,97,scroll,home,mobile
2025-01-03 07:47:59,14,click,checkout,mobile
2025-01-12 09:09:06,84,click,search,tablet
2025-01-06 11:12:01,25,view,product,desktop
2025-01-11 17:59:58,96,click,search,mobile
2025-01-13 22:02:15,68,click,search,mobile
2025-01-26 00:28:51,61,view,product,desktop
2025-01-18 12:32:12,22,purchase,product,mobile
2025-01-02 03:43:05,43,purchase,home,desktop
2025-01-26 03:33:11,48,click,home,mobile
2025-01-09 22:44:00,84,click,search,mobile
2025-01-05 22:53:33,36,scroll,home,desktop
2025-01-21 05:22:36,15,view,checkout,desktop
2025-01-04 08:12:07,78,purchase,checkout,desktop
2025-01-18 14:26:24,68,click,home,desktop
2025-01-17 11:47:29,8,purchase,product,tablet
2025-01-25 21:06:50,93,scroll,product,desktop
2025-01-18 23:41:43,89,view,product,desktop
2025-01-30 10:00:26,22,purchase,product,mobile
2025-01-30 14:23:33,36,click,search,tablet
2025-01-11 10:26:03,23,click,checkout,tablet
2025-01-25 20:41:36,78,purchase,product,tablet
2025-01-07 19:47:51,52,purchase,search,mobile
2025-01-11 20:53:20,10,click,product,tablet
2025-01-17 04:07:09,84,scroll,home,desktop
2025-01-15 12:57:59,31,scroll,home,mobile
2025-01-21 08:51:17,52,scroll,home,tablet
2025-01-08 06:18:56,60,scroll,search,tablet
2025-01-21 20:39:07,98,scroll,product,desktop
2025-01-26 02:28:18,47,view,search,tablet
2025-01-04 02:03:45,37,scroll,home,tablet
2025-01-19 05:56:33,65,click,checkout,tablet
2025-01-05 02:13:14,62,scroll,home,tablet
2025-01-20 22:51:47,67,purchase,home,mobile
2025-01-19 11:42:43,60,view,search,desktop
2025-01-05 16:40:24,74,view,search,desktop
2025-01-06 05:20:17,25,view,checkout,tablet
2025-01-02 14:03:27,58,scroll,home,mobile
2025-01-11 00:13:24,81,scroll,checkout,desktop
2025-01-30 06:30:31,82,purchase,home,mobile
2025-01-08 06:19:55,71,purchase,product,tablet
2025-01-17 23:55:16,50,click,product,tablet
2025-01-27 11:11:02,8,scroll,product,desktop
2025-01-15 10:22:36,24,view,checkout,mobile
2025-01-15 02:52:16,3,click,product,desktop
2025-01-23 11:29:27,26,scroll,search,tablet
2025-01-21 12:15:16,34,view,checkout,mobile
2025-01-18 22:54:46,74,click,product,desktop
2025-01-16 13:41:20,58,view,checkout,tablet
2025-01-07 22:31:34,80,view,product,tablet
2025-01-24 01:47:26,21,click,checkout,mobile
2025-01-26 15:34:11,13,purchase,search,mobile
2025-01-02 19:54:58,87,scroll,search,tablet
2025-01-23 08:40:53,29,click,home,desktop
2025-01-04 15:04:25,49,click,checkout,mobile
2025-01-02 15:28:12,21,view,checkout,mobile
2025-01-28 08:33:26,96,click,search,desktop
2025-01-02 06:51:35,31,purchase,search,mobile
2025-01-26 03:28:00,20,view,home,tablet
2025-01-19 01:44:05,94,view,checkout,desktop
2025-01-28 18:37:04,9,click,search,desktop
2025-01-06 10:49:57,87,view,home,mobile
2025-01-07 18:10:25,29,click,search,mobile
2025-01-13 23:14:26,80,scroll,search,desktop
2025-01-12 22:34:58,16,click,product,tablet
2025-01-05 05:50:34,61,scroll,home,desktop
2025-01-17 18:04:45,1,click,search,tablet
2025-01-26 04:56:32,41,purchase,search,mobile
2025-01-05 23:02:48,1,scroll,search,mobile
2025-01-11 09:17:20,24,scroll,home,mobile
2025-01-01 10:13:11,11,view,search,desktop
2025-01-01 18:08:59,13,view,checkout,mobile
2025-01-23 21:42:50,21,purchase,search,desktop
2025-01-28 05:23:56,32,scroll,product,mobile
2025-01-08 00:05:33,39,purchase,product,desktop
2025-01-29 17:58:02,55,scroll,checkout,desktop
2025-01-29 13:38:33,55,click,search,desktop
2025-01-20 06:49:49,7,view,home,tablet
2025-01-18 19:22:37,31,purchase,product,mobile
2025-01-23 20:09:55,4,scroll,search,desktop
2025-01-06 15:13:52,86,scroll,search,tablet
2025-01-11 14:01:55,32,scroll,product,desktop
2025-01-02 02:38:58,78,purchase,checkout,tablet
2025-01-20 17:05:59,21,scroll,checkout,tablet
2025-01-07 06:55:18,28,click,checkout,tablet
2025-01-15 22:28:13,54,click,search,desktop
2025-01-09 22:09:47,15,scroll,product,tablet
2025-01-21 06:22:27,13,purchase,product,mobile
2025-01-18 19:30:28,16,purchase,home,desktop
2025-01-18 16:37:59,7,scroll,search,mobile
2025-01-07 09:35:32,85,click,product,desktop
2025-01-29 10:47:29,78,click,product,mobile
2025-01-07 02:52:05,78,scroll,search,desktop
2025-01-06 19:38:52,36,click,product,mobile
2025-01-25 22:01:33,97,scroll,checkout,desktop
2025-01-05 02:46:21,87,click,home,mobile
2025-01-25 00:19:59,84,scroll,product,desktop
2025-01-20 06:14:43,53,purchase,product,tablet
2025-01-29 01:05:53,71,purchase,home,tablet
2025-01-20 01:59:26,16,purchase,product,tablet
2025-01-25 18:52:02,43,view,checkout,tablet
2025-01-25 00:24:18,67,view,checkout,desktop
2025-01-10 02:13:01,42,click,home,desktop
2025-01-15 12:57:37,80,click,checkout,mobile
2025-01-17 02:28:39,46,click,checkout,mobile
2025-01-18 01:48:51,47,view,product,desktop
2025-01-20 07:02:02,90,purchase,product,tablet
2025-01-23 12:22:24,50,click,home,desktop
2025-01-27 10:52:26,22,purchase,home,mobile
2025-01-07 09:28:11,9,purchase,product,mobile
2025-01-23 07:05:19,69,purchase,product,tablet
2025-01-02 06:22:54,62,click,home,tablet
2025-01-03 09:14:00,19,scroll,product,mobile
2025-01-09 00:18:43,86,click,checkout,desktop
2025-01-27 08:53:51,13,purchase,product,mobile
2025-01-29 18:36:09,83,scroll,checkout,tablet
2025-01-22 19:42:58,22,view,product,desktop
2025-01-18 01:20:54,8,purchase,checkout,desktop
2025-01-23 07:39:20,88,view,home,tablet
2025-01-04 22:22:46,63,click,product,desktop
2025-01-21 09:20:47,40,click,checkout,tablet
2025-01-10 12:10:15,86,click,checkout,tablet
2025-01-27 02:23:00,20,scroll,product,mobile
2025-01-13 19:19:38,75,purchase,product,tablet
2025-01-05 00:15:13,85,click,home,tablet
2025-01-11 00:19:43,75,click,search,mobile
2025-01-02 13:25:39,97,purchase,product,mobile
2025-01-28 12:51:37,50,purchase,home,mobile
2025-01-27 15:00:26,35,click,search,tablet
2025-01-04 04:23:15,65,scroll,home,mobile
2025-01-13 15:40:28,10,view,checkout,tablet
2025-01-09 08:31:21,31,purchase,product,mobile
2025-01-25 02:39:42,46,click,checkout,tablet
2025-01-04 05:45:56,36,click,product,tablet
2025-01-09 17:26:24,8,view,search,tablet
2025-01-10 01:50:50,27,click,home,mobile
2025-01-07 02:26:34,48,view,checkout,mobile
2025-01-17 22:53:10,26,purchase,product,mobile
2025-01-30 00:52:28,33,click,home,tablet
2025-01-01 08:39:23,40,click,checkout,desktop
2025-01-20 00:35:29,25,scroll,product,mobile
2025-01-15 23:23:59,86,purchase,search,mobile
2025-01-05 02:44:47,13,purchase,product,mobile
2025-01-22 04:01:20,18,purchase,home,tablet
2025-01-22 10:41:42,58,scroll,product,tablet
2025-01-12 08:30:29,27,view,home,mobile
2025-01-05 06:31:07,9,purchase,search,desktop
2025-01-25 19:13:18,18,view,search,desktop
2025-01-17 06:35:49,80,click,checkout,mobile
2025-01-30 19:12:45,54,scroll,product,tablet
2025-01-29 17:35:08,91,scroll,product,mobile
2025-01-20 08:09:14,68,view,checkout,desktop
2025-01-18 02:09:07,52,view,home,mobile
2025-01-25 02:54:20,76,purchase,product,mobile
2025-01-17 23:01:56,68,scroll,product,tablet
2025-01-16 16:51:23,33,click,checkout,mobile
2025-01-22 09:04:05,81,scroll,checkout,mobile
2025-01-11 05:31:07,39,click,product,desktop
2025-01-07 11:13:10,11,purchase,search,mobile
2025-01-21 19:09:57,6,scroll,checkout,tablet
2025-01-03 17:33:24,65,purchase,search,tablet
2025-01-17 01:37:16,27,scroll,search,desktop
2025-01-23 18:54:25,90,purchase,home,desktop
2025-01-09 22:53:48,21,purchase,home,tablet
2025-01-16 19:58:59,59,purchase,search,mobile
2025-01-01 05:47:32,81,scroll,product,mobile
2025-01-06 23:17:16,55,click,product,tablet
2025-01-09 16:09:14,17,click,checkout,desktop
2025-01-02 17:54:21,45,click,home,tablet
2025-01-13 05:44:44,53,scroll,product,tablet
2025-01-11 00:39:21,23,view,search,tablet
2025-01-02 09:15:31,38,view,home,mobile
2025-01-12 08:25:12,12,view,checkout,mobile
2025-01-13 02:31:34,24,scroll,search,mobile
2025-01-17 03:24:57,78,click,checkout,tablet
2025-01-18 03:16:58,36,click,search,tablet
2025-01-19 19:15:10,93,view,product,tablet
2025-01-09 21:46:28,23,view,checkout,tablet
2025-01-26 19:27:27,43,scroll,search,tablet
2025-01-02 04:08:12,31,scroll,home,mobile
2025-01-22 08:10:17,60,purchase,home,tablet
2025-01-16 14:03:31,94,scroll,checkout,tablet
2025-01-29 13:07:01,35,scroll,checkout,mobile
2025-01-06 01:33:19,85,click,checkout,tablet
2025-01-04 05:36:04,94,click,checkout,desktop
2025-01-03 01:47:15,11,view,search,desktop
2025-01-06 18:02:56,72,scroll,product,desktop
2025-01-21 18:44:09,72,view,search,mobile
2025-01-07 11:32:27,81,view,search,tablet
2025-01-08 08:57:31,66,scroll,checkout,tablet
2025-01-29 10:30:49,12,click,checkout,tablet
2025-01-26 04:58:04,62,view,home,tablet
2025-01-14 01:49:14,69,click,home,desktop
2025-01-10 17:34:11,10,scroll,home,tablet
2025-01-29 04:13:10,52,purchase,search,desktop
2025-01-17 22:38:45,61,view,home,tablet
2025-01-05 13:17:22,87,click,home,tablet
2025-01-02 06:02:47,77,scroll,checkout,desktop
2025-01-27 07:54:54,48,scroll,search,tablet
2025-01-07 10:59:01,60,view,search,desktop
2025-01-19 06:45:08,93,click,home,mobile
2025-01-02 17:19:26,25,view,home,desktop
2025-01-23 05:29:44,30,click,product,desktop
2025-01-22 18:01:26,80,purchase,product,mobile
2025-01-06 10:45:35,86,scroll,search,tablet
2025-01-13 00:40:55,37,click,home,mobile
2025-01-24 04:55:25,50,view,product,tablet
2025-01-02 09:44:23,9,view,checkout,desktop
2025-01-20 20:33:51,43,click,checkout,desktop
2025-01-02 17:39:14,64,view,product,mobile
2025-01-04 03:04:49,78,scroll,product,tablet
2025-01-05 15:41:38,11,scroll,checkout,mobile
2025-01-19 08:22:45,68,click,checkout,desktop
2025-01-09 16:50:59,2,click,checkout,desktop
2025-01-09 01:05:26,51,click,search,desktop
2025-01-22 17:29:50,2,click,product,mobile
2025-01-26 03:06:16,78,view,product,mobile
2025-01-11 19:03:17,47,click,checkout,desktop
2025-01-08 19:45:36,86,scroll,product,tablet
2025-01-09 01:47:33,23,scroll,checkout,mobile
2025-01-02 03:31:40,6,scroll,home,mobile
2025-01-15 16:15:22,64,scroll,home,mobile
2025-01-14 00:56:29,68,scroll,product,desktop
2025-01-14 18:54:26,11,view,search,mobile
2025-01-20 07:06:10,100,view,search,tablet
2025-01-03 22:56:55,16,purchase,home,tablet
2025-01-05 07:57:51,27,scroll,product,mobile
2025-01-19 06:19:23,77,click,search,desktop
2025-01-09 17:25:36,30,purchase,home,desktop
2025-01-01 06:56:53,91,scroll,home,mobile
2025-01-04 02:54:38,29,click,checkout,tablet
2025-01-02 06:39:58,59,click,checkout,tablet
2025-01-20 00:02:56,17,purchase,product,tablet
2025-01-01 16:15:17,80,click,search,mobile
2025-01-21 16:38:16,67,view,product,desktop
2025-01-20 00:11:29,72,view,checkout,tablet
2025-01-08 15:57:36,12,click,search,tablet
2025-01-10 15:58:58,24,purchase,home,tablet
2025-01-21 15:11:55,64,click,product,mobile
2025-01-11 12:22:10,55,view,product,tablet
2025-01-16 22:42:07,97,click,search,mobile
2025-01-27 04:42:29,90,purchase,search,tablet
2025-01-04 06:00:23,70,scroll,home,desktop
2025-01-16 17:01:50,32,view,checkout,tablet
2025-01-21 19:28:48,98,click,search,mobile
2025-01-26 13:13:31,85,purchase,home,tablet
2025-01-17 07:23:41,17,view,checkout,tablet
2025-01-25 14:02:49,5,click,product,tablet
2025-01-09 17:44:23,68,view,search,mobile
2025-01-12 13:14:56,89,click,product,mobile
2025-01-11 10:36:03,60,scroll,product,desktop
2025-01-04 09:13:16,53,click,search,tablet
2025-01-27 19:38:25,2,scroll,search,tablet
2025-01-22 20:22:09,65,view,search,desktop
2025-01-03 19:38:54,3,purchase,search,mobile
2025-01-28 02:44:12,52,purchase,checkout,desktop
2025-01-08 22:31:48,87,click,home,mobile
2025-01-27 16:41:02,72,scroll,product,tablet
2025-01-30 12:32:43,95,purchase,checkout,tablet
2025-01-30 04:33:58,80,view,search,mobile
2025-01-08 23:47:02,8,scroll,checkout,desktop
2025-01-06 02:46:33,32,view,product,tablet
2025-01-28 00:29:35,6,view,home,desktop
2025-01-07 18:02:11,26,click,product,desktop
2025-01-24 11:47:49,67,click,product,tablet
2025-01-14 13:30:45,95,view,product,mobile
2025-01-24 10:05:49,76,view,home,tablet
2025-01-09 20:30:06,98,click,checkout,mobile
2025-01-24 08:51:18,40,purchase,product,tablet
2025-01-29 00:34:37,47,view,product,desktop
2025-01-10 03:49:27,40,click,home,tablet
2025-01-14 15:09:27,90,view,checkout,mobile
2025-01-19 22:47:02,60,purchase,home,desktop
2025-01-04 22:17:29,62,click,search,mobile
2025-01-14 03:27:39,60,purchase,product,desktop
2025-01-03 22:23:40,84,scroll,search,desktop
2025-01-02 06:29:08,51,scroll,search,desktop
2025-01-19 18:56:52,67,purchase,search,mobile
2025-01-25 22:58:14,36,scroll,home,tablet
2025-01-27 16:39:50,25,scroll,home,desktop
2025-01-02 00:11:41,78,view,product,mobile
2025-01-25 19:28:15,78,purchase,search,mobile
2025-01-01 20:08:05,50,view,checkout,mobile
2025-01-30 20:38:22,46,view,checkout,desktop
2025-01-27 16:33:48,39,click,checkout,tablet
2025-01-23 14:12:20,31,click,checkout,mobile
2025-01-25 06:51:49,24,scroll,checkout,desktop
2025-01-12 03:49:48,48,purchase,search,desktop
2025-01-30 21:05:58,1,view,checkout,tablet
2025-01-23 08:25:51,98,purchase,home,tablet
2025-01-30 11:36:36,51,scroll,product,mobile
2025-01-30 03:25:33,22,scroll,product,mobile
2025-01-25 00:55:48,86,scroll,home,mobile
2025-01-27 08:47:47,88,click,search,mobile
2025-01-10 11:45:33,84,purchase,search,desktop
2025-01-30 00:33:57,50,view,search,mobile
2025-01-01 13:48:08,78,view,checkout,tablet
2025-01-16 11:49:55,75,view,home,desktop
2025-01-27 00:32:43,70,view,checkout,desktop
2025-01-14 02:46:51,73,scroll,search,tablet
2025-01-26 15:25:09,61,view,checkout,desktop
2025-01-08 16:28:43,75,click,checkout,desktop
2025-01-28 06:48:37,44,purchase,checkout,tablet
2025-01-24 11:41:47,92,scroll,search,desktop
2025-01-11 23:39:54,26,scroll,product,desktop
2025-01-26 19:11:01,19,purchase,checkout,desktop
2025-01-11 20:03:56,57,purchase,checkout,mobile
2025-01-29 20:53:44,83,scroll,search,tablet
2025-01-09 15:26:43,14,click,search,desktop
2025-01-28 10:13:29,96,scroll,home,mobile
2025-01-20 09:28:35,60,view,search,mobile
2025-01-03 20:02:44,1,scroll,home,mobile
2025-01-22 19:01:54,35,click,checkout,desktop
2025-01-06 22:57:04,97,scroll,checkout,tablet
2025-01-23 11:32:17,36,view,search,tablet
2025-01-23 05:47:47,86,purchase,checkout,desktop
2025-01-29 21:39:27,55,purchase,search,desktop
2025-01-18 21:21:58,77,click,product,tablet
2025-01-29 22:34:06,53,scroll,product,tablet
2025-01-11 01:19:10,7,click,search,tablet
2025-01-08 18:09:05,44,click,checkout,desktop
2025-01-24 05:17:46,35,click,search,tablet
2025-01-17 15:34:43,75,purchase,checkout,mobile
2025-01-15 09:58:54,36,view,checkout,tablet
2025-01-10 04:46:14,47,click,search,tablet
2025-01-13 17:24:10,53,view,search,mobile
2025-01-17 07:27:58,90,click,checkout,desktop
2025-01-23 06:59:18,33,purchase,search,desktop
2025-01-24 12:42:58,89,click,search,desktop
2025-01-01 05:49:45,81,scroll,checkout,mobile
2025-01-17 12:30:51,83,purchase,search,mobile
2025-01-13 07:55:44,42,click,search,desktop
2025-01-04 21:12:02,15,view,search,desktop
2025-01-24 13:53:21,18,scroll,checkout,mobile
2025-01-19 05:46:40,71,purchase,product,mobile
2025-01-25 02:58:28,15,scroll,home,tablet
2025-01-14 13:13:02,20,view,checkout,tablet
2025-01-14 22:18:47,23,purchase,product,desktop
2025-01-22 11:34:29,91,view,product,tablet
2025-01-26 08:36:41,5,view,product,desktop
2025-01-24 15:40:00,10,view,home,tablet
2025-01-11 09:54:09,85,click,checkout,tablet
2025-01-28 05:48:28,35,scroll,home,tablet
2025-01-12 03:10:22,61,purchase,home,tablet
2025-01-06 00:10:10,99,click,checkout,mobile
2025-01-22 23:45:30,95,scroll,checkout,desktop
2025-01-06 18:54:59,52,view,product,desktop
2025-01-21 23:51:46,92,purchase,search,mobile
2025-01-08 03:04:16,65,purchase,home,tablet
2025-01-04 08:03:13,59,view,checkout,tablet
2025-01-22 01:14:57,69,click,product,mobile
2025-01-22 21:46:35,85,view,search,mobile
2025-01-04 14:44:45,74,click,product,mobile
2025-01-02 12:48:23,88,click,home,desktop
2025-01-09 14:39:02,63,purchase,home,desktop
2025-01-10 00:43:30,72,purchase,checkout,desktop
2025-01-20 16:09:02,25,view,home,desktop
2025-01-26 23:06:12,93,view,home,tablet
2025-01-20 06:07:19,90,view,product,desktop
2025-01-30 03:53:22,40,purchase,checkout,desktop
2025-01-10 07:26:04,14,purchase,search,desktop
2025-01-26 03:12:45,17,purchase,search,tablet
2025-01-30 12:15:37,8,click,product,tablet
2025-01-11 16:52:15,74,purchase,search,tablet
2025-01-12 15:43:32,99,click,search,tablet
2025-01-17 04:27:42,73,purchase,checkout,mobile
2025-01-28 16:49:37,16,view,product,tablet
2025-01-27 06:12:02,65,scroll,search,mobile
2025-01-08 06:26:12,83,scroll,home,tablet
2025-01-29 19:14:49,95,purchase,search,tablet
2025-01-17 12:39:29,9,purchase,home,tablet
2025-01-30 09:33:20,58,click,home,desktop
2025-01-16 22:06:35,51,scroll,checkout,mobile
2025-01-21 16:50:11,21,purchase,product,tablet
2025-01-22 23:08:17,38,click,product,mobile
2025-01-09 18:27:07,53,scroll,home,desktop
2025-01-14 17:17:14,26,purchase,checkout,mobile
2025-01-14 11:43:24,71,purchase,home,mobile
2025-01-06 15:12:33,87,click,home,mobile
2025-01-28 09:39:37,43,purchase,product,desktop
2025-01-02 13:16:00,13,purchase,product,tablet
2025-01-24 01:35:09,83,purchase,product,mobile
2025-01-10 19:05:13,99,view,product,desktop
2025-01-02 13:32:15,44,scroll,product,tablet
2025-01-01 09:14:48,39,view,product,mobile
2025-01-13 23:58:06,28,purchase,home,desktop
2025-01-22 11:53:33,96,view,checkout,tablet
2025-01-17 11:47:14,90,purchase,search,tablet
2025-01-07 12:36:16,99,click,home,tablet
2025-01-08 22:44:33,40,view,search,tablet
2025-01-01 05:29:12,15,purchase,home,tablet
2025-01-02 17:35:06,19,click,search,tablet
2025-01-23 10:36:15,46,purchase,home,desktop
2025-01-11 23:28:49,27,scroll,home,mobile
2025-01-13 22:54:05,81,click,search,tablet
2025-01-07 23:55:11,84,scroll,checkout,desktop
2025-01-17 10:38:21,64,scroll,search,mobile
2025-01-06 02:59:40,57,purchase,search,desktop
2025-01-11 20:51:54,8,scroll,search,tablet
2025-01-22 03:15:50,57,view,home,tablet
2025-01-01 11:37:21,46,scroll,home,desktop
2025-01-09 08:00:43,76,click,search,mobile
2025-01-21 23:41:42,47,scroll,search,tablet
2025-01-18 08:30:10,3,scroll,checkout,tablet
2025-01-30 17:48:38,34,purchase,checkout,tablet
2025-01-18 14:33:40,52,scroll,home,desktop
2025-01-12 04:51:41,64,purchase,product,desktop
2025-01-05 01:32:32,54,purchase,search,desktop
2025-01-14 15:15:41,22,purchase,home,tablet
2025-01-07 06:28:15,67,purchase,checkout,desktop
2025-01-16 23:47:36,69,view,product,desktop
2025-01-12 20:30:21,94,view,home,mobile
2025-01-17 17:34:17,41,view,home,tablet
2025-01-02 07:30:36,77,scroll,search,mobile
2025-01-25 04:38:52,64,click,search,mobile
2025-01-15 17:42:04,94,view,checkout,tablet
2025-01-25 00:36:28,95,purchase,search,mobile
2025-01-24 06:06:26,79,view,search,tablet
2025-01-29 23:19:10,3,click,checkout,tablet
2025-01-12 10:29:15,73,purchase,product,tablet
2025-01-21 05:34:05,44,purchase,checkout,tablet
2025-01-17 22:56:36,49,scroll,home,mobile
2025-01-13 09:49:07,85,view,search,tablet
2025-01-13 19:00:02,43,purchase,home,mobile
2025-01-13 13:17:57,31,scroll,home,mobile
2025-01-22 20:34:27,17,view,product,mobile
2025-01-19 00:27:17,43,purchase,search,mobile
2025-01-03 14:50:25,15,view,product,desktop
2025-01-22 23:21:48,3,purchase,home,desktop
2025-01-24 11:19:38,94,purchase,search,mobile
2025-01-15 13:31:43,50,scroll,product,desktop
2025-01-19 20:34:52,39,purchase,home,mobile
2025-01-23 15:45:40,77,purchase,search,tablet
2025-01-12 03:42:40,97,scroll,product,desktop
2025-01-22 06:53:12,21,purchase,product,mobile
2025-01-24 21:19:25,33,purchase,product,desktop
2025-01-30 23:31:36,2,purchase,search,tablet
2025-01-28 22:20:07,84,scroll,search,desktop
2025-01-06 17:02:08,16,click,product,tablet
2025-01-26 22:04:23,56,view,product,desktop
2025-01-11 15:13:54,93,purchase,product,desktop
2025-01-23 15:11:19,100,purchase,product,mobile
2025-01-09 11:36:46,95,purchase,checkout,tablet
2025-01-03 10:49:50,47,purchase,checkout,tablet
2025-01-22 00:22:41,56,view,product,tablet
2025-01-11 16:16:36,89,click,search,desktop
2025-01-27 06:23:03,98,purchase,home,tablet
2025-01-24 06:39:00,17,scroll,search,mobile
2025-01-29 03:49:08,20,scroll,product,mobile
2025-01-25 19:37:22,7,view,home,tablet
2025-01-29 16:51:23,32,scroll,search,tablet
2025-01-14 03:53:06,59,purchase,checkout,mobile
2025-01-12 06:15:58,54,click,checkout,mobile
2025-01-12 20:12:50,84,view,checkout,mobile
2025-01-08 04:33:10,54,scroll,checkout,desktop
2025-01-10 01:43:52,72,view,search,desktop
2025-01-26 21:29:32,93,click,checkout,mobile
2025-01-25 12:47:56,76,click,home,desktop
2025-01-22 05:41:39,30,purchase,checkout,tablet
2025-01-05 18:09:02,78,view,product,mobile
2025-01-30 19:26:22,53,scroll,product,tablet
2025-01-25 04:21:18,90,purchase,search,tablet
2025-01-24 13:56:00,78,purchase,product,mobile
2025-01-13 03:40:09,44,view,search,desktop
2025-01-13 07:37:37,96,view,home,desktop
2025-01-29 00:13:05,32,click,checkout,desktop
2025-01-26 06:31:54,84,click,home,tablet
2025-01-20 21:42:38,32,click,product,mobile
2025-01-17 03:12:52,54,view,search,desktop
2025-01-07 10:24:18,11,view,home,tablet
2025-01-28 19:47:20,39,view,checkout,mobile
2025-01-15 01:46:57,28,purchase,checkout,desktop
2025-01-01 05:56:03,65,purchase,home,desktop
2025-01-16 00:29:22,18,click,home,desktop
2025-01-01 23:16:23,81,purchase,home,desktop
2025-01-27 16:26:06,62,scroll,product,mobile
2025-01-07 09:39:55,72,purchase,search,mobile
2025-01-06 14:52:37,99,purchase,checkout,desktop
2025-01-21 15:46:57,49,view,search,tablet
2025-01-21 04:58:30,83,purchase,product,mobile
2025-01-01 01:11:19,45,view,home,mobile
2025-01-19 04:11:20,59,click,home,tablet
2025-01-02 18:33:47,31,click,search,tablet
2025-01-21 14:59:29,43,scroll,product,tablet
2025-01-13 01:45:00,99,click,checkout,desktop
2025-01-14 10:31:28,98,purchase,search,tablet
2025-01-09 12:35:50,31,view,search,mobile
2025-01-11 08:57:44,33,purchase,search,mobile
2025-01-25 20:03:26,47,purchase,product,mobile
2025-01-23 07:04:25,83,click,search,mobile
2025-01-10 00:51:00,24,purchase,search,tablet
2025-01-02 11:24:50,47,click,search,desktop
2025-01-26 01:37:11,46,purchase,checkout,desktop
2025-01-05 21:47:17,88,purchase,product,tablet
2025-01-29 16:26:37,74,purchase,search,mobile
2025-01-23 11:42:56,55,click,home,desktop
2025-01-27 22:17:15,20,purchase,search,mobile
2025-01-21 12:03:11,29,click,search,mobile
2025-01-21 12:22:02,18,click,product,tablet
2025-01-03 07:22:15,80,view,home,desktop
2025-01-20 15:49:47,1,click,search,desktop
2025-01-18 23:32:20,98,scroll,checkout,desktop
2025-01-04 16:34:28,28,view,product,mobile
2025-01-21 17:39:48,16,click,home,mobile
2025-01-09 10:27:37,83,click,search,tablet
2025-01-15 17:59:22,74,click,search,mobile
2025-01-21 13:35:21,39,click,search,desktop
2025-01-11 08:16:43,13,scroll,checkout,desktop
2025-01-02 17:30:45,77,scroll,search,mobile
2025-01-08 17:41:58,34,purchase,home,desktop
2025-01-19 22:29:09,99,view,home,tablet
2025-01-04 22:39:58,57,purchase,checkout,desktop
2025-01-16 07:37:28,3,purchase,product,mobile
2025-01-23 03:13:20,67,scroll,checkout,mobile
2025-01-15 05:06:33,63,scroll,product,desktop
2025-01-18 23:14:02,31,view,product,mobile
2025-01-10 17:13:48,100,scroll,product,mobile
2025-01-18 23:41:34,68,click,product,desktop
2025-01-08 00:49:42,18,purchase,checkout,tablet
2025-01-09 19:15:31,88,purchase,search,desktop
2025-01-27 11:21:58,63,scroll,home,desktop
2025-01-14 11:10:23,99,view,search,tablet
2025-01-14 09:42:38,71,click,search,mobile
2025-01-03 02:56:33,53,purchase,home,desktop
2025-01-28 23:58:20,12,click,home,tablet
2025-01-22 07:57:51,84,scroll,checkout,mobile
2025-01-06 21:45:26,16,view,home,desktop
2025-01-13 03:16:48,45,scroll,search,mobile
2025-01-30 11:26:57,75,scroll,search,mobile
2025-01-13 16:59:44,51,view,checkout,tablet
2025-01-05 11:07:02,70,click,home,tablet
2025-01-06 10:41:39,84,purchase,checkout,tablet
2025-01-16 19:39:26,77,click,home,mobile
2025-01-18 21:48:06,54,scroll,checkout,tablet
2025-01-06 11:41:58,57,purchase,home,desktop
2025-01-14 21:42:55,90,click,search,desktop
2025-01-11 02:09:27,71,view,product,tablet
2025-01-16 20:43:03,88,scroll,checkout,desktop
2025-01-17 09:44:38,70,purchase,checkout,tablet
2025-01-17 00:27:28,91,scroll,product,desktop
2025-01-01 11:52:07,23,scroll,home,tablet
2025-01-02 20:15:51,23,purchase,search,desktop
2025-01-25 08:48:43,94,view,home,desktop
2025-01-05 20:20:47,54,click,home,tablet
2025-01-07 23:28:49,51,view,checkout,mobile
2025-01-24 10:41:07,48,view,product,desktop
2025-01-17 03:48:51,93,purchase,checkout,desktop
2025-01-11 22:19:28,62,view,search,tablet
2025-01-20 05:41:42,17,click,home,desktop
2025-01-01 01:27:41,47,click,checkout,mobile
2025-01-09 18:45:24,2,purchase,checkout,desktop
2025-01-18 16:42:53,44,click,search,tablet
2025-01-10 16:46:01,80,scroll,search,tablet
2025-01-17 02:01:10,2,scroll,search,desktop
2025-01-05 13:56:16,20,scroll,product,mobile
2025-01-03 08:59:29,64,click,product,tablet
2025-01-28 09:38:25,39,purchase,home,mobile
2025-01-23 04:54:57,19,scroll,product,tablet
2025-01-06 04:39:32,73,view,search,tablet
2025-01-29 18:57:34,41,scroll,checkout,tablet
2025-01-27 16:51:10,29,purchase,product,mobile
2025-01-04 09:30:31,46,click,home,tablet
2025-01-04 08:20:17,66,scroll,search,desktop
2025-01-23 23:09:47,70,view,product,desktop
2025-01-01 21:54:32,16,view,home,tablet
2025-01-25 19:06:32,50,purchase,checkout,mobile
2025-01-23 09:07:44,72,click,search,mobile
2025-01-29 14:55:25,20,click,checkout,tablet
2025-01-06 02:15:01,3,view,search,desktop
2025-01-26 15:47:35,11,scroll,product,desktop
2025-01-05 05:33:06,98,view,checkout,tablet
2025-01-10 06:18:25,73,click,checkout,tablet
2025-01-26 12:56:23,86,purchase,search,tablet
2025-01-20 09:42:44,25,view,checkout,tablet
2025-01-27 13:46:42,97,click,search,desktop
2025-01-28 01:19:03,53,click,search,tablet
2025-01-16 20:28:52,29,scroll,product,desktop
2025-01-19 00:15:58,25,scroll,home,tablet
2025-01-07 07:36:45,25,view,checkout,tablet
2025-01-28 07:37:48,42,view,search,tablet
2025-01-07 12:47:31,15,purchase,search,desktop
2025-01-02 08:58:24,48,purchase,product,mobile
2025-01-03 16:20:14,56,scroll,product,mobile
2025-01-29 09:26:45,57,scroll,checkout,desktop
2025-01-07 18:09:26,94,click,home,desktop
2025-01-16 20:22:25,79,purchase,product,desktop
2025-01-14 22:15:41,29,purchase,checkout,mobile
2025-01-20 15:07:30,32,view,home,tablet
2025-01-10 06:58:58,72,view,product,tablet
2025-01-30 18:38:20,39,purchase,checkout,desktop
2025-01-14 18:20:21,60,scroll,home,tablet
2025-01-29 07:28:47,22,click,home,tablet
2025-01-29 02:30:05,54,scroll,checkout,mobile
2025-01-29 17:25:38,22,purchase,product,mobile
2025-01-11 05:48:15,72,click,product,tablet
2025-01-11 16:21:09,77,view,home,desktop
2025-01-05 02:30:21,41,click,search,desktop
2025-01-02 10:27:06,26,click,checkout,mobile
2025-01-12 22:03:47,15,click,checkout,desktop
2025-01-02 12:47:33,100,click,home,desktop
2025-01-13 14:06:50,42,scroll,checkout,desktop
2025-01-05 17:21:14,92,purchase,home,desktop
2025-01-30 20:46:24,17,view,product,mobile
2025-01-20 09:54:48,4,view,checkout,tablet
2025-01-29 16:51:42,72,scroll,home,tablet
2025-01-09 14:45:19,27,click,product,mobile
2025-01-09 22:46:27,61,purchase,checkout,tablet
2025-01-19 16:34:39,64,click,home,desktop
2025-01-03 06:45:29,3,view,home,desktop
2025-01-14 08:53:10,60,view,search,mobile
2025-01-18 18:09:50,99,purchase,search,tablet
2025-01-17 16:44:20,51,click,checkout,mobile
2025-01-20 23:30:15,91,purchase,home,tablet
2025-01-07 20:56:21,50,scroll,search,mobile
2025-01-17 20:08:50,46,purchase,checkout,tablet
2025-01-17 10:32:52,56,purchase,home,desktop
2025-01-06 00:30:18,23,view,checkout,tablet
2025-01-23 21:04:50,21,view,home,mobile
2025-01-12 11:36:38,37,view,checkout,desktop
2025-01-29 09:31:22,8,click,search,tablet
2025-01-08 13:10:19,87,scroll,search,desktop
2025-01-08 04:49:55,40,scroll,checkout,mobile
2025-01-25 05:18:31,75,click,product,tablet
2025-01-06 01:02:16,90,scroll,home,tablet
2025-01-10 09:51:11,59,view,product,mobile
2025-01-21 18:50:07,92,scroll,checkout,desktop
2025-01-02 14:19:02,32,click,checkout,tablet
2025-01-25 20:39:01,21,view,home,desktop
2025-01-22 08:21:26,97,view,home,tablet
2025-01-29 01:13:45,87,scroll,product,tablet
2025-01-23 11:55:17,47,purchase,home,mobile
2025-01-15 05:22:43,60,purchase,product,tablet
2025-01-17 19:16:43,30,purchase,home,tablet
2025-01-05 19:21:44,68,view,search,tablet
2025-01-12 08:26:12,27,purchase,product,mobile
2025-01-26 20:31:47,10,scroll,search,desktop
2025-01-06 04:47:09,88,click,product,tablet
2025-01-18 02:48:21,34,scroll,home,mobile
2025-01-11 12:23:19,82,purchase,product,tablet
2025-01-10 02:29:59,93,view,search,tablet
2025-01-21 18:41:31,2,purchase,product,desktop
2025-01-15 00:14:26,51,purchase,search,desktop
2025-01-04 19:06:17,98,click,checkout,tablet
2025-01-14 20:13:08,46,purchase,checkout,desktop
2025-01-10 12:13:43,2,view,home,mobile
2025-01-02 02:39:29,30,view,checkout,tablet
2025-01-08 02:21:32,72,scroll,checkout,mobile
2025-01-16 20:29:31,6,click,checkout,desktop
2025-01-25 20:45:12,67,view,checkout,desktop
2025-01-24 23:38:22,38,click,home,desktop
2025-01-07 11:31:55,71,scroll,product,desktop
2025-01-27 02:11:52,31,purchase,search,desktop
2025-01-13 10:45:40,29,scroll,product,mobile
2025-01-09 14:22:59,78,purchase,home,desktop
2025-01-01 10:44:36,47,scroll,home,mobile
2025-01-19 13:59:48,24,click,checkout,desktop
2025-01-12 15:25:43,11,view,home,tablet
2025-01-27 03:49:54,91,view,product,mobile
2025-01-08 12:42:24,55,scroll,product,desktop
2025-01-07 11:42:08,50,view,home,tablet
2025-01-06 14:16:27,28,click,home,mobile
2025-01-26 18:34:15,78,click,checkout,tablet
2025-01-12 14:35:00,25,purchase,home,tablet
2025-01-01 23:04:03,8,purchase,search,mobile
2025-01-24 13:24:44,18,scroll,product,mobile
2025-01-27 13:26:56,20,scroll,checkout,desktop
2025-01-14 21:38:24,84,scroll,home,mobile
2025-01-07 16:47:15,87,view,search,tablet
2025-01-14 19:30:01,21,click,home,mobile
2025-01-30 17:15:07,49,view,checkout,tablet
2025-01-20 17:44:37,96,view,search,mobile
2025-01-24 21:16:53,20,click,home,tablet
2025-01-11 21:39:03,27,view,home,desktop
2025-01-08 05:43:11,58,purchase,search,mobile
2025-01-19 16:29:35,81,view,search,mobile
2025-01-17 23:37:08,47,purchase,checkout,tablet
2025-01-07 15:06:57,49,purchase,checkout,desktop
2025-01-07 18:21:55,62,click,search,tablet
2025-01-20 10:17:39,35,purchase,search,desktop
2025-01-04 05:37:39,46,purchase,search,mobile
2025-01-28 05:31:53,36,scroll,checkout,tablet
2025-01-02 00:26:19,14,view,product,mobile
2025-01-27 12:47:36,51,scroll,home,mobile
2025-01-05 08:55:27,9,purchase,search,mobile
2025-01-15 07:24:17,73,purchase,product,desktop
2025-01-17 15:06:17,90,view,checkout,tablet
2025-01-11 22:28:09,72,purchase,checkout,tablet
2025-01-28 07:39:24,71,scroll,home,tablet
2025-01-06 17:08:53,27,view,checkout,desktop
2025-01-18 00:04:46,22,scroll,search,mobile
2025-01-28 23:13:06,36,click,home,mobile
2025-01-14 01:56:59,21,scroll,home,mobile
2025-01-14 11:38:54,16,view,home,mobile
2025-01-09 18:17:08,91,view,product,desktop
2025-01-20 21:43:01,47,purchase,search,mobile
2025-01-06 23:39:16,28,view,home,tablet
2025-01-26 13:34:41,34,view,checkout,mobile
2025-01-18 13:39:01,62,scroll,search,mobile
2025-01-20 00:47:46,32,scroll,product,desktop
2025-01-30 12:22:44,64,click,home,tablet
2025-01-25 03:48:35,34,scroll,search,mobile
2025-01-15 10:45:46,62,scroll,product,mobile
2025-01-21 21:18:07,38,purchase,search,tablet
2025-01-13 17:12:03,35,scroll,home,tablet
2025-01-08 02:17:18,97,click,product,mobile
2025-01-21 20:09:09,18,view,search,tablet
2025-01-16 13:28:12,73,view,product,tablet
2025-01-15 03:29:52,14,click,product,tablet
2025-01-13 23:45:46,11,click,home,desktop
2025-01-25 08:47:34,88,scroll,checkout,tablet
2025-01-06 13:24:39,92,purchase,home,tablet
2025-01-13 18:36:01,60,click,search,tablet
2025-01-15 12:03:15,82,scroll,search,mobile
2025-01-26 22:18:41,72,click,product,tablet
2025-01-05 20:09:00,95,purchase,home,tablet
2025-01-04 03:38:51,79,view,checkout,desktop
2025-01-09 17:27:52,92,purchase,checkout,mobile
2025-01-01 22:35:47,86,scroll,search,mobile
2025-01-02 00:42:57,56,scroll,search,tablet
2025-01-18 23:18:34,21,scroll,home,tablet
2025-01-22 17:59:58,83,purchase,checkout,mobile
2025-01-22 13:35:56,100,scroll,home,tablet
2025-01-07 15:11:19,48,view,product,tablet
2025-01-25 18:05:16,82,purchase,search,tablet
2025-01-20 09:29:55,31,view,checkout,desktop
2025-01-04 14:51:31,98,click,product,tablet
2025-01-27 22:02:04,84,click,product,desktop
2025-01-09 00:19:30,28,click,search,tablet
2025-01-21 21:51:20,69,click,checkout,desktop
2025-01-18 21:49:08,42,scroll,checkout,tablet
2025-01-17 23:13:09,86,click,product,mobile
2025-01-07 02:23:02,38,scroll,checkout,desktop
2025-01-05 02:25:22,41,purchase,search,desktop
2025-01-01 09:37:39,30,scroll,checkout,tablet
2025-01-24 08:11:27,97,scroll,home,desktop
2025-01-03 00:35:53,27,purchase,home,tablet
2025-01-10 05:03:33,54,scroll,search,tablet
2025-01-16 17:36:47,79,view,search,desktop
2025-01-02 10:55:38,46,purchase,home,tablet
2025-01-10 18:58:40,65,scroll,product,mobile
2025-01-04 19:12:11,73,view,search,desktop
2025-01-07 15:31:09,41,view,search,desktop
2025-01-07 20:32:40,3,scroll,home,tablet
2025-01-05 17:00:32,53,view,checkout,mobile
2025-01-16 14:41:37,92,view,checkout,mobile
2025-01-17 17:42:37,38,scroll,search,tablet
2025-01-09 13:51:50,86,purchase,home,mobile
2025-01-21 11:53:54,32,click,search,desktop
2025-01-13 07:20:40,78,view,search,tablet
2025-01-18 03:02:43,32,click,search,desktop
2025-01-11 13:35:03,25,scroll,checkout,tablet
2025-01-28 13:40:05,24,view,product,tablet
2025-01-30 22:33:10,88,scroll,product,mobile
2025-01-25 16:50:46,10,purchase,home,mobile
2025-01-05 00:56:24,68,click,checkout,desktop
2025-01-26 17:26:02,54,click,home,tablet
2025-01-06 12:14:10,34,click,home,mobile
2025-01-23 18:32:29,99,view,search,tablet
2025-01-02 22:09:41,61,click,product,desktop
2025-01-06 23:01:36,35,view,product,mobile
2025-01-24 09:45:06,47,purchase,product,tablet
2025-01-14 17:07:13,58,view,checkout,tablet
2025-01-09 06:28:52,88,purchase,search,tablet
2025-01-20 14:29:58,69,click,checkout,tablet
2025-01-29 12:54:00,56,click,search,mobile
2025-01-25 20:28:38,86,scroll,home,desktop
2025-01-25 16:29:53,38,purchase,product,desktop
2025-01-23 09:56:18,21,view,product,tablet
2025-01-07 04:28:56,7,purchase,home,tablet
2025-01-04 23:33:25,62,click,checkout,mobile
2025-01-19 06:02:12,40,purchase,home,mobile
2025-01-19 09:05:14,75,scroll,checkout,mobile
2025-01-13 00:45:36,61,click,checkout,mobile
2025-01-18 09:02:33,65,purchase,product,tablet
2025-01-15 23:10:55,17,scroll,home,tablet
2025-01-19 04:12:08,30,view,checkout,tablet
2025-01-18 05:51:00,27,purchase,checkout,mobile
2025-01-10 03:24:36,66,purchase,checkout,desktop
2025-01-09 03:36:53,96,view,home,desktop
2025-01-16 18:18:20,20,scroll,search,desktop
2025-01-04 03:27:15,1,view,checkout,mobile
2025-01-25 15:30:10,25,scroll,checkout,mobile
2025-01-22 06:26:28,98,purchase,product,desktop
2025-01-20 11:27:22,78,view,product,mobile
2025-01-26 22:52:03,95,click,product,desktop
2025-01-11 05:19:39,84,scroll,checkout,desktop
2025-01-02 23:04:00,99,purchase,home,mobile
2025-01-01 00:04:31,15,scroll,product,desktop
2025-01-21 23:16:08,21,view,product,tablet
2025-01-24 02:37:54,66,view,home,desktop
2025-01-30 12:04:14,23,view,search,tablet
2025-01-09 21:52:18,91,purchase,product,mobile
2025-01-24 18:07:53,99,purchase,product,tablet
2025-01-05 11:01:50,43,purchase,product,mobile
2025-01-22 15:11:30,44,view,search,mobile
2025-01-23 22:31:08,67,scroll,product,mobile
2025-01-15 18:17:49,38,scroll,home,desktop
2025-01-11 05:20:19,38,view,product,desktop
2025-01-26 19:15:32,66,purchase,search,tablet
2025-01-11 06:22:53,29,view,search,desktop
2025-01-15 05:49:14,8,click,checkout,mobile
2025-01-25 02:25:27,79,view,product,mobile
2025-01-23 10:55:54,78,purchase,home,desktop
2025-01-11 21:25:05,37,purchase,home,desktop
2025-01-26 21:41:18,92,view,product,tablet
2025-01-27 20:11:44,97,scroll,product,desktop
2025-01-24 21:19:02,63,scroll,home,mobile
2025-01-20 19:39:00,43,view,home,desktop
2025-01-06 19:56:58,53,purchase,search,desktop
2025-01-08 12:04:46,70,view,home,mobile
2025-01-26 00:37:06,99,click,search,mobile
2025-01-04 23:53:51,3,click,home,mobile
2025-01-23 04:47:29,86,view,search,desktop
2025-01-08 23:51:39,60,click,checkout,tablet
2025-01-25 03:44:05,91,view,home,tablet
2025-01-06 06:23:17,84,scroll,search,mobile
2025-01-03 15:42:58,30,purchase,product,tablet
2025-01-26 08:51:01,33,click,home,mobile
2025-01-11 22:57:40,14,click,product,desktop
2025-01-16 11:46:02,28,click,checkout,tablet
2025-01-24 11:30:58,59,scroll,search,tablet
2025-01-01 20:26:11,87,purchase,product,mobile
2025-01-26 06:14:00,39,purchase,search,mobile
2025-01-02 09:57:08,43,view,product,desktop
2025-01-13 10:59:01,58,scroll,search,desktop
2025-01-22 22:18:52,89,click,search,tablet
2025-01-25 21:23:32,11,view,product,mobile
2025-01-12 21:07:57,31,click,home,mobile
2025-01-10 04:50:50,16,scroll,product,tablet
2025-01-08 11:09:47,3,view,home,mobile
2025-01-09 11:44:17,49,view,product,desktop
2025-01-05 01:03:40,98,click,home,mobile
2025-01-29 21:29:03,9,purchase,search,desktop
2025-01-02 19:12:53,6,click,home,tablet
2025-01-13 13:34:56,36,view,search,mobile
2025-01-24 14:43:38,63,view,search,mobile
2025-01-06 20:49:09,15,scroll,product,mobile
2025-01-08 23:28:20,77,click,home,mobile
2025-01-09 11:00:33,7,scroll,product,tablet
2025-01-08 17:42:56,39,click,checkout,desktop
2025-01-27 10:45:09,42,view,home,mobile
2025-01-18 15:10:04,89,scroll,home,desktop
2025-01-14 04:47:02,100,purchase,search,tablet
2025-01-15 13:44:13,12,view,search,desktop
2025-01-08 12:17:17,48,purchase,home,mobile
2025-01-21 10:45:35,18,click,product,desktop
2025-01-03 00:07:47,53,scroll,search,mobile
2025-01-13 10:49:14,91,view,search,mobile
2025-01-14 10:29:19,11,click,product,desktop
2025-01-16 08:38:23,69,click,product,mobile
2025-01-14 18:19:30,71,view,checkout,tablet
2025-01-04 18:15:40,70,purchase,search,mobile
2025-01-14 13:38:13,2,click,home,tablet
2025-01-30 03:51:30,69,view,search,tablet
2025-01-17 03:35:17,4,purchase,checkout,tablet
2025-01-28 13:43:31,18,purchase,home,mobile
2025-01-19 03:41:09,64,scroll,checkout,mobile
2025-01-15 22:32:23,76,click,search,desktop
2025-01-23 20:18:38,32,view,search,mobile
2025-01-06 06:55:25,52,click,product,mobile
2025-01-22 22:41:59,43,click,checkout,mobile
2025-01-02 05:00:20,11,purchase,search,tablet
2025-01-23 21:42:49,96,view,search,tablet
2025-01-06 00:18:04,82,view,product,mobile
2025-01-03 08:39:18,11,scroll,product,tablet
2025-01-27 14:38:00,31,scroll,search,desktop
2025-01-26 21:33:19,8,scroll,home,tablet
2025-01-20 14:41:19,11,scroll,product,mobile
2025-01-30 08:45:33,57,scroll,product,mobile
2025-01-25 03:37:56,75,view,checkout,tablet
2025-01-06 20:46:34,71,click,search,desktop
2025-01-21 00:28:24,30,scroll,home,tablet
2025-01-08 12:34:30,33,click,home,mobile
2025-01-10 16:05:37,85,click,product,desktop
2025-01-02 21:55:44,76,view,home,mobile
2025-01-18 22:08:38,82,purchase,product,desktop
2025-01-22 06:59:14,56,scroll,product,desktop
2025-01-06 19:28:37,30,view,product,mobile
2025-01-22 19:16:11,83,click,checkout,tablet
2025-01-13 17:14:51,18,click,product,tablet
2025-01-03 20:42:23,78,view,checkout,mobile
2025-01-01 04:51:55,90,click,checkout,tablet
2025-01-25 01:39:01,65,view,checkout,desktop
2025-01-20 10:16:40,40,click,checkout,desktop
2025-01-10 01:33:19,9,click,product,desktop
2025-01-16 01:40:47,45,scroll,home,desktop
2025-01-26 15:11:59,18,view,search,tablet
2025-01-25 21:41:26,1,view,checkout,tablet
2025-01-02 17:26:43,21,purchase,home,mobile
2025-01-01 09:49:44,7,purchase,search,desktop
2025-01-03 03:23:52,98,view,home,desktop
2025-01-15 15:54:51,89,scroll,checkout,desktop
2025-01-24 00:54:01,33,click,home,mobile
2025-01-09 00:43:51,71,view,product,mobile
2025-01-11 18:26:28,24,scroll,product,mobile
2025-01-20 01:50:50,29,scroll,search,desktop
2025-01-18 13:47:34,7,scroll,home,tablet
2025-01-04 14:33:15,51,view,home,tablet
2025-01-04 06:39:00,94,view,product,mobile
2025-01-29 15:08:54,71,purchase,product,tablet
2025-01-04 03:59:22,23,scroll,home,mobile
2025-01-23 05:34:41,35,view,search,tablet
2025-01-25 07:00:44,88,click,checkout,desktop
2025-01-19 05:09:23,32,click,home,desktop
2025-01-26 20:26:42,3,scroll,product,tablet
2025-01-07 12:07:38,53,scroll,product,mobile
2025-01-09 12:12:29,55,purchase,home,mobile
2025-01-18 05:36:16,96,purchase,search,desktop
2025-01-01 21:41:16,52,scroll,search,mobile
2025-01-27 00:29:47,82,click,checkout,mobile
2025-01-12 23:17:46,20,view,checkout,mobile
2025-01-24 22:19:31,65,scroll,home,tablet
2025-01-28 15:15:02,41,scroll,home,tablet
2025-01-16 21:27:48,63,view,home,tablet
2025-01-22 04:46:36,61,click,search,mobile
2025-01-13 04:06:43,86,view,product,desktop
2025-01-13 12:20:54,79,view,search,desktop
2025-01-24 23:44:02,96,scroll,product,desktop
2025-01-27 23:35:55,86,click,home,mobile
2025-01-06 15:49:16,53,view,search,tablet
2025-01-16 04:37:52,65,scroll,product,tablet
2025-01-13 20:17:54,94,view,home,tablet
2025-01-22 08:42:15,59,scroll,product,tablet
2025-01-11 19:31:07,14,view,product,mobile
2025-01-24 20:46:29,59,purchase,search,mobile
2025-01-01 23:28:27,24,scroll,product,mobile
2025-01-07 02:56:13,97,view,checkout,desktop
2025-01-23 16:07:07,75,view,checkout,mobile
2025-01-18 21:38:11,40,purchase,home,mobile
2025-01-24 21:07:52,42,scroll,home,desktop
2025-01-23 01:04:16,70,view,checkout,desktop
2025-01-30 02:02:30,41,view,search,tablet
2025-01-12 11:31:16,96,purchase,home,mobile
2025-01-20 02:20:23,14,view,product,desktop
2025-01-04 04:48:38,23,purchase,home,desktop
2025-01-14 15:01:35,27,click,home,mobile
2025-01-18 05:23:13,66,purchase,checkout,mobile
2025-01-22 03:09:59,52,view,home,mobile
2025-01-09 09:51:49,37,purchase,checkout,desktop
2025-01-22 09:39:06,98,click,home,tablet
2025-01-09 07:03:15,47,view,search,mobile
2025-01-09 02:19:38,68,view,checkout,mobile
2025-01-26 19:54:29,37,click,home,tablet
2025-01-09 11:41:55,27,scroll,search,desktop
2025-01-19 07:25:23,90,view,product,mobile
2025-01-20 07:09:08,67,view,checkout,tablet
2025-01-02 03:47:04,30,view,product,mobile
2025-01-29 15:40:57,68,view,checkout,mobile
2025-01-21 08:24:51,63,purchase,checkout,mobile
2025-01-30 06:44:45,45,purchase,home,tablet
2025-01-19 16:34:16,61,click,home,mobile
2025-01-14 00:06:22,28,scroll,home,tablet
2025-01-03 14:09:43,73,purchase,product,mobile
2025-01-22 18:09:30,90,scroll,product,tablet
2025-01-06 21:28:29,73,purchase,home,mobile
2025-01-22 15:01:20,82,click,home,tablet
2025-01-25 03:38:20,99,scroll,search,desktop
2025-01-01 15:47:19,100,view,home,mobile
2025-01-12 15:09:08,7,purchase,home,tablet
2025-01-05 02:46:12,86,click,home,tablet
2025-01-08 04:26:43,85,view,home,mobile
2025-01-20 18:23:37,21,purchase,checkout,mobile
2025-01-19 03:26:21,85,scroll,checkout,desktop
2025-01-20 12:08:36,97,scroll,home,desktop
2025-01-26 03:46:15,90,click,product,desktop
2025-01-02 11:28:46,57,click,product,tablet
2025-01-06 09:15:07,57,purchase,product,tablet
2025-01-13 00:11:02,35,view,checkout,tablet
2025-01-23 20:08:57,33,click,home,mobile
2025-01-20 18:08:51,100,click,home,tablet
2025-01-06 03:40:41,42,scroll,product,mobile
2025-01-26 05:40:34,73,click,home,mobile
2025-01-13 20:14:55,67,view,checkout,tablet
2025-01-21 18:08:11,40,scroll,product,desktop
2025-01-04 23:13:29,6,click,product,tablet
2025-01-22 01:57:53,96,view,search,desktop
2025-01-14 08:37:52,99,click,home,mobile
2025-01-11 21:04:43,90,scroll,search,tablet
2025-01-16 06:20:26,30,click,search,desktop
2025-01-17 04:36:46,34,click,search,mobile
2025-01-15 13:54:26,28,purchase,product,tablet
2025-01-26 21:47:44,34,scroll,product,mobile
2025-01-18 12:56:44,17,purchase,checkout,tablet
2025-01-11 12:04:10,91,purchase,checkout,desktop
2025-01-26 06:50:54,76,view,search,tablet
2025-01-14 04:44:43,18,scroll,checkout,tablet
2025-01-26 09:31:55,71,click,home,tablet
2025-01-19 09:15:27,90,click,home,desktop
2025-01-02 23:44:30,35,click,checkout,mobile
2025-01-30 05:43:48,89,click,checkout,tablet
2025-01-14 22:41:52,15,scroll,product,desktop
2025-01-18 18:41:02,33,click,product,desktop
2025-01-10 19:06:39,61,view,home,mobile
2025-01-16 00:47:02,1,scroll,search,mobile
2025-01-13 10:48:28,67,click,search,tablet
2025-01-13 21:28:30,52,scroll,home,tablet
2025-01-17 03:40:42,3,view,product,tablet
2025-01-23 06:30:29,57,view,product,mobile
2025-01-06 00:51:25,6,click,home,mobile
2025-01-04 15:19:48,48,view,home,tablet
2025-01-09 23:04:31,98,scroll,product,desktop
2025-01-14 13:19:36,77,scroll,product,tablet
2025-01-05 12:00:10,44,view,home,desktop
2025-01-28 23:51:08,39,purchase,product,desktop
2025-01-23 08:48:59,100,click,product,tablet
2025-01-24 15:32:45,9,purchase,search,tablet
2025-01-19 18:32:07,12,purchase,product,desktop
2025-01-21 06:33:36,8,view,product,tablet
2025-01-19 11:50:16,26,scroll,home,mobile
2025-01-07 04:29:01,7,view,home,desktop
2025-01-10 05:59:35,18,click,product,mobile
2025-01-16 03:23:41,90,purchase,search,mobile
2025-01-11 05:48:58,53,view,search,tablet
2025-01-10 07:43:16,1,click,search,tablet
2025-01-19 08:09:26,80,purchase,home,tablet
2025-01-22 15:20:39,72,purchase,checkout,tablet
2025-01-24 04:14:09,9,purchase,search,tablet
2025-01-29 04:15:08,46,click,checkout,tablet
2025-01-16 19:18:18,56,scroll,home,mobile
2025-01-17 12:32:08,44,scroll,product,desktop
2025-01-23 05:21:42,82,click,search,tablet
2025-01-07 05:48:35,76,click,search,mobile
2025-01-26 06:20:43,13,scroll,checkout,tablet
2025-01-03 01:35:26,89,purchase,home,mobile
2025-01-05 18:15:30,81,scroll,checkout,desktop
2025-01-25 21:15:01,49,click,product,desktop
2025-01-22 10:58:07,88,click,search,mobile
2025-01-27 12:14:58,22,click,product,desktop
2025-01-14 09:18:53,100,scroll,search,desktop
2025-01-17 07:28:59,58,view,search,desktop
2025-01-09 07:22:14,52,purchase,product,tablet
2025-01-14 10:25:48,16,click,product,tablet
2025-01-24 11:50:06,30,purchase,search,desktop
2025-01-02 03:29:46,99,scroll,search,tablet
2025-01-17 19:02:14,80,scroll,search,mobile
2025-01-04 12:04:01,20,view,search,tablet
2025-01-11 21:54:01,63,click,search,tablet
2025-01-24 08:24:34,81,purchase,search,desktop
2025-01-26 08:13:33,10,click,product,desktop
2025-01-23 21:33:12,55,click,search,desktop
2025-01-30 05:46:32,83,click,product,desktop
2025-01-02 22:56:35,75,purchase,product,tablet
2025-01-21 18:36:51,24,scroll,home,tablet
2025-01-13 12:19:20,89,view,search,desktop
2025-01-14 11:40:58,34,click,search,tablet
2025-01-05 05:29:49,9,click,checkout,mobile
2025-01-29 19:48:43,79,scroll,checkout,tablet
2025-01-28 12:33:33,18,click,product,mobile
2025-01-09 08:10:00,95,view,checkout,mobile
2025-01-02 13:12:24,25,click,product,mobile
2025-01-20 10:04:48,10,purchase,home,desktop
2025-01-18 05:53:59,51,scroll,checkout,tablet
2025-01-06 20:47:56,54,purchase,home,mobile
2025-01-14 18:16:45,26,scroll,checkout,desktop
2025-01-12 10:20:22,4,scroll,product,desktop
2025-01-08 06:57:25,76,click,search,desktop
2025-01-09 20:04:37,51,view,checkout,mobile
2025-01-22 22:13:58,10,purchase,checkout,desktop
2025-01-08 22:11:40,47,view,home,mobile
2025-01-28 03:57:58,90,purchase,product,mobile
2025-01-26 16:42:28,24,click,product,desktop
2025-01-28 11:44:40,50,view,checkout,desktop
2025-01-15 07:50:08,30,purchase,home,tablet
2025-01-14 05:49:25,5,click,product,tablet
2025-01-23 09:17:06,33,click,product,mobile
2025-01-24 03:18:37,17,click,checkout,desktop
2025-01-13 16:10:01,32,scroll,product,desktop
2025-01-15 06:23:46,13,click,checkout,mobile
2025-01-15 00:18:13,13,scroll,search,tablet
2025-01-07 11:59:57,89,scroll,search,tablet
2025-01-19 19:27:01,84,purchase,search,mobile
2025-01-29 07:58:40,100,purchase,checkout,mobile
2025-01-13 11:13:16,39,purchase,checkout,tablet
2025-01-09 18:23:01,77,purchase,search,tablet
2025-01-28 13:45:14,84,click,home,desktop
2025-01-05 15:37:27,99,click,product,mobile
2025-01-03 19:37:27,26,scroll,product,mobile
2025-01-28 12:10:12,8,purchase,home,mobile
2025-01-14 08:44:57,60,purchase,product,tablet
2025-01-22 06:52:02,7,click,search,mobile
2025-01-05 18:31:00,86,view,checkout,desktop
2025-01-29 14:34:26,79,scroll,product,desktop
2025-01-12 06:52:25,87,view,product,mobile
2025-01-22 10:01:30,43,purchase,product,mobile
2025-01-05 02:15:39,87,purchase,search,tablet
2025-01-17 17:31:19,11,purchase,checkout,tablet
2025-01-06 23:46:08,48,click,checkout,tablet
2025-01-29 10:58:18,88,purchase,product,mobile
2025-01-20 11:27:02,97,purchase,product,desktop
2025-01-12 08:29:06,52,scroll,checkout,desktop
2025-01-11 02:45:20,59,view,product,desktop
2025-01-10 15:00:58,25,click,product,mobile
2025-01-23 21:13:23,63,purchase,search,desktop
2025-01-15 14:53:22,38,purchase,product,mobile
2025-01-19 05:30:35,4,purchase,search,tablet
2025-01-17 14:45:57,73,view,product,desktop
2025-01-22 12:04:29,3,click,home,tablet
2025-01-30 12:46:04,34,scroll,checkout,tablet
2025-01-11 00:14:36,41,click,product,mobile
2025-01-02 01:16:05,35,click,product,desktop
2025-01-11 05:26:37,58,click,product,mobile
2025-01-23 05:24:31,64,purchase,checkout,tablet
2025-01-09 01:15:42,8,purchase,checkout,mobile
2025-01-21 19:52:02,80,scroll,home,desktop
2025-01-19 21:47:36,21,view,checkout,tablet
2025-01-26 11:03:23,71,view,product,tablet
2025-01-26 11:57:59,42,click,product,mobile
2025-01-09 01:13:48,18,purchase,search,desktop
2025-01-18 04:58:19,63,scroll,checkout,mobile
2025-01-25 01:37:46,32,scroll,checkout,mobile
2025-01-30 05:00:23,17,click,home,desktop
2025-01-13 03:29:05,62,purchase,home,tablet
2025-01-18 19:06:02,95,view,search,mobile
2025-01-18 18:20:43,58,purchase,search,mobile
2025-01-17 12:39:26,73,click,product,mobile
2025-01-16 03:34:08,26,click,product,tablet
2025-01-02 17:57:24,53,click,search,desktop
2025-01-27 20:00:26,14,view,product,desktop
2025-01-11 00:51:37,46,click,home,tablet
2025-01-24 23:17:58,58,purchase,home,tablet
2025-01-17 13:05:05,87,click,search,desktop
2025-01-17 20:25:02,76,scroll,checkout,desktop
2025-01-01 17:00:24,82,click,search,mobile
2025-01-28 10:16:34,94,click,search,tablet
2025-01-15 15:38:55,17,purchase,search,mobile
2025-01-23 16:29:29,93,purchase,home,desktop
2025-01-22 09:17:01,57,purchase,product,tablet
2025-01-04 01:04:03,64,purchase,checkout,desktop
2025-01-15 21:56:58,3,view,home,mobile
2025-01-19 04:49:52,66,click,product,tablet
2025-01-26 19:06:28,39,click,home,tablet
2025-01-14 05:36:37,100,click,search,tablet
2025-01-04 03:31:29,32,click,home,mobile
2025-01-11 13:52:08,65,purchase,home,tablet
2025-01-18 20:44:21,99,scroll,product,desktop
2025-01-30 15:31:42,100,click,checkout,tablet
2025-01-30 01:21:00,63,purchase,home,desktop
2025-01-08 03:45:35,93,scroll,product,tablet
2025-01-06 02:37:22,24,scroll,checkout,tablet
2025-01-23 18:05:11,4,scroll,checkout,mobile
2025-01-22 13:46:03,39,purchase,search,desktop
2025-01-29 16:24:31,16,click,search,mobile
2025-01-17 18:19:26,3,scroll,home,tablet
2025-01-29 18:37:33,84,purchase,checkout,mobile
2025-01-18 08:16:24,85,view,home,mobile
2025-01-20 05:43:54,94,purchase,home,tablet
2025-01-18 18:28:59,90,purchase,home,tablet
2025-01-14 06:33:52,34,scroll,product,tablet
2025-01-29 07:18:46,69,click,product,tablet
2025-01-18 23:34:36,64,view,search,tablet
2025-01-27 05:55:17,60,purchase,search,desktop
2025-01-25 23:16:27,97,click,checkout,tablet
2025-01-22 20:37:03,62,scroll,checkout,mobile
2025-01-15 18:15:48,47,scroll,home,tablet
2025-01-18 11:56:56,4,view,product,tablet
2025-01-21 09:35:20,64,scroll,home,tablet
2025-01-11 07:25:45,28,purchase,search,desktop
2025-01-04 01:31:17,63,scroll,product,desktop
2025-01-05 06:20:16,84,view,checkout,mobile
2025-01-07 09:31:30,80,view,product,desktop
2025-01-27 16:57:04,12,purchase,search,mobile
2025-01-15 16:53:23,5,view,checkout,tablet
2025-01-01 00:26:17,82,scroll,search,tablet
2025-01-14 18:34:30,37,purchase,search,tablet
2025-01-22 04:52:52,92,scroll,product,desktop
2025-01-24 01:42:49,98,view,search,tablet
2025-01-30 23:39:12,67,purchase,checkout,tablet
2025-01-24 22:05:18,70,scroll,home,tablet
2025-01-14 01:24:08,22,click,search,tablet
2025-01-16 23:52:28,17,view,checkout,mobile
2025-01-02 19:06:52,72,click,search,tablet
2025-01-30 03:51:43,14,click,search,mobile
2025-01-15 21:16:53,37,purchase,search,tablet
2025-01-12 00:55:24,37,purchase,home,desktop
2025-01-03 02:07:38,92,purchase,home,desktop
2025-01-03 21:58:15,97,scroll,product,desktop
2025-01-30 02:03:22,86,click,product,mobile
2025-01-30 09:42:11,53,click,checkout,tablet
2025-01-04 20:29:43,22,purchase,checkout,tablet
2025-01-15 03:11:20,15,click,checkout,mobile
2025-01-25 23:55:44,36,view,home,tablet
2025-01-18 19:36:51,72,purchase,home,tablet
2025-01-02 09:42:44,24,view,home,mobile
2025-01-02 00:52:08,53,view,product,mobile
2025-01-03 12:08:28,15,click,search,mobile
2025-01-12 22:23:20,13,purchase,checkout,mobile
2025-01-12 23:34:41,57,purchase,product,desktop
2025-01-13 07:44:42,6,scroll,product,desktop
2025-01-23 04:44:18,54,scroll,home,tablet
2025-01-23 21:54:29,25,purchase,checkout,tablet
2025-01-30 13:28:37,68,scroll,search,desktop
2025-01-08 12:27:04,77,view,home,desktop
2025-01-13 19:20:40,88,scroll,checkout,tablet
2025-01-14 14:31:42,16,view,home,mobile
2025-01-05 23:42:58,78,scroll,product,mobile
2025-01-28 15:30:26,84,click,product,mobile
2025-01-02 02:51:19,6,click,product,mobile
2025-01-24 18:06:42,26,scroll,product,mobile
2025-01-12 00:06:22,81,scroll,checkout,desktop
2025-01-27 10:02:57,54,purchase,product,desktop
2025-01-23 19:15:53,85,click,search,mobile
2025-01-10 04:17:34,6,scroll,checkout,desktop
2025-01-12 01:49:47,30,scroll,search,mobile
2025-01-06 09:59:22,77,view,home,desktop
2025-01-13 13:47:00,52,click,home,mobile
2025-01-30 02:27:57,42,view,home,tablet
2025-01-03 19:23:19,93,scroll,product,desktop
2025-01-20 11:20:44,53,purchase,search,desktop
2025-01-08 03:01:50,58,click,product,desktop
2025-01-09 21:54:21,38,view,home,mobile
2025-01-08 00:10:41,10,view,search,desktop
2025-01-12 09:41:36,50,purchase,product,tablet
2025-01-10 00:30:19,33,scroll,home,mobile
2025-01-13 22:21:03,29,scroll,search,tablet
2025-01-10 13:56:53,42,purchase,home,tablet
2025-01-19 06:22:44,77,scroll,checkout,desktop
2025-01-14 13:10:18,73,scroll,home,mobile
2025-01-25 04:38:12,16,view,checkout,mobile
2025-01-02 00:54:27,87,view,product,desktop
2025-01-08 12:31:55,63,purchase,search,desktop
2025-01-18 11:33:53,13,scroll,search,tablet
2025-01-23 08:11:39,7,scroll,checkout,mobile
2025-01-12 09:39:39,9,view,checkout,mobile
2025-01-07 13:30:53,16,scroll,search,tablet
2025-01-30 22:40:33,74,purchase,home,tablet
2025-01-08 01:22:45,28,click,product,tablet
2025-01-27 13:13:32,20,view,search,mobile
2025-01-18 20:02:04,90,click,home,mobile
2025-01-01 19:38:23,45,click,product,desktop
2025-01-01 03:39:41,74,scroll,home,mobile
2025-01-17 19:09:07,38,view,checkout,tablet
2025-01-17 21:25:46,64,purchase,product,mobile
2025-01-22 02:59:46,84,scroll,product,tablet
2025-01-26 14:38:45,77,click,checkout,tablet
2025-01-05 12:21:22,33,click,product,tablet
2025-01-26 16:20:58,88,view,search,desktop
2025-01-09 18:27:28,13,click,checkout,desktop
2025-01-08 06:27:36,80,click,product,tablet
2025-01-19 04:00:18,13,click,home,tablet
2025-01-10 13:21:03,14,click,product,tablet
2025-01-03 07:37:01,26,click,search,desktop
2025-01-26 10:40:30,56,view,checkout,tablet
2025-01-05 22:25:44,51,scroll,home,tablet
2025-01-23 14:49:08,2,scroll,product,tablet
2025-01-13 06:17:30,32,scroll,product,desktop
2025-01-27 13:11:13,47,click,home,tablet
2025-01-27 18:24:50,91,purchase,home,desktop
2025-01-20 01:47:15,29,view,home,mobile
2025-01-19 17:08:17,30,scroll,checkout,tablet
2025-01-29 04:34:34,24,view,product,mobile
2025-01-08 16:33:20,24,click,search,tablet
2025-01-24 23:30:48,6,scroll,home,tablet
2025-01-21 22:25:53,63,view,search,desktop
2025-01-28 04:33:21,91,click,product,mobile
2025-01-26 14:04:38,82,click,product,mobile
2025-01-30 01:08:55,30,purchase,home,mobile
2025-01-10 19:41:45,23,click,product,desktop
2025-01-28 12:30:30,95,scroll,product,tablet
2025-01-28 06:31:22,13,purchase,product,tablet
2025-01-26 13:21:27,1,purchase,product,desktop
2025-01-08 04:54:05,93,click,search,tablet
2025-01-22 17:10:54,85,purchase,search,desktop
2025-01-21 19:44:44,72,scroll,product,tablet
2025-01-22 21:05:44,69,click,home,mobile
2025-01-10 15:33:34,17,view,home,desktop
2025-01-02 22:05:04,27,scroll,search,tablet
2025-01-16 01:49:40,48,view,checkout,tablet
2025-01-25 03:32:13,33,view,home,mobile
2025-01-04 01:55:34,69,click,product,tablet
2025-01-19 04:31:05,37,scroll,search,tablet
2025-01-10 19:58:29,98,purchase,search,tablet
2025-01-18 12:13:31,39,purchase,checkout,desktop
2025-01-08 12:23:22,43,purchase,checkout,mobile
2025-01-04 13:27:25,17,click,checkout,tablet
2025-01-14 23:21:31,68,scroll,search,tablet
2025-01-15 19:15:15,45,purchase,search,mobile
2025-01-19 04:13:10,2,click,home,tablet
2025-01-08 00:22:35,35,purchase,home,desktop
2025-01-19 09:22:17,49,view,product,desktop
2025-01-22 18:07:02,88,scroll,search,mobile
2025-01-20 13:00:14,28,click,product,mobile
2025-01-22 10:01:41,50,scroll,product,mobile
2025-01-22 04:08:18,7,purchase,home,tablet
2025-01-28 08:50:43,83,purchase,home,mobile
2025-01-25 20:16:34,90,click,search,mobile
2025-01-19 20:51:26,86,view,checkout,mobile
2025-01-26 01:24:58,61,scroll,search,mobile
2025-01-23 23:10:42,32,purchase,product,tablet
2025-01-28 16:34:30,60,click,home,desktop
2025-01-10 18:17:16,44,click,home,mobile
2025-01-15 14:50:23,39,purchase,home,desktop
2025-01-12 22:37:29,54,purchase,product,mobile
2025-01-30 21:45:31,62,click,search,desktop
2025-01-05 14:25:10,78,purchase,product,mobile
2025-01-25 21:48:29,39,purchase,checkout,desktop
2025-01-05 19:12:50,99,scroll,checkout,desktop
2025-01-08 03:34:36,52,purchase,search,desktop
2025-01-04 07:03:29,36,scroll,home,tablet
2025-01-08 11:28:20,41,purchase,home,tablet
2025-01-10 01:27:33,47,purchase,product,desktop
2025-01-05 16:12:07,61,view,home,tablet
2025-01-28 09:04:02,24,click,checkout,desktop
2025-01-23 18:09:37,84,purchase,checkout,mobile
2025-01-05 10:27:16,30,click,search,desktop
2025-01-28 04:57:40,26,view,home,mobile
2025-01-27 10:39:03,23,view,search,tablet
2025-01-19 00:17:30,35,purchase,search,tablet
2025-01-18 01:01:30,15,view,home,desktop
2025-01-24 20:44:49,61,click,search,mobile
2025-01-04 11:23:38,67,scroll,product,mobile
2025-01-05 01:05:28,92,click,product,desktop
2025-01-30 22:35:35,71,view,home,mobile
2025-01-25 00:40:51,11,scroll,search,desktop
2025-01-19 02:07:14,37,view,product,tablet
2025-01-02 22:28:37,59,purchase,search,mobile
2025-01-15 10:16:11,41,scroll,checkout,mobile
2025-01-04 05:05:36,77,scroll,home,tablet
2025-01-10 08:23:13,59,click,search,tablet
2025-01-26 00:22:11,32,view,product,tablet
2025-01-21 16:00:22,62,view,search,tablet
2025-01-14 12:23:52,1,scroll,search,mobile
2025-01-16 20:44:31,3,purchase,checkout,mobile
2025-01-30 21:44:14,53,scroll,checkout,desktop
2025-01-25 08:23:58,21,click,search,mobile
2025-01-01 04:37:08,97,click,home,tablet
2025-01-11 13:56:55,89,scroll,checkout,mobile
2025-01-06 15:13:15,62,click,search,mobile
2025-01-09 23:39:00,81,click,home,mobile
2025-01-04 05:07:30,57,scroll,product,desktop
2025-01-10 18:06:07,31,click,checkout,tablet
2025-01-02 15:40:55,76,click,product,desktop
2025-01-11 13:17:10,3,purchase,checkout,desktop
2025-01-18 16:19:02,29,scroll,search,desktop
2025-01-04 05:22:05,60,click,product,mobile
2025-01-01 01:22:17,23,click,search,desktop
2025-01-29 21:50:59,99,view,product,desktop
2025-01-19 08:50:43,61,scroll,product,tablet
2025-01-26 13:44:26,68,click,home,tablet
2025-01-15 23:43:01,19,scroll,checkout,mobile
2025-01-26 13:38:50,40,purchase,home,desktop
2025-01-19 00:49:07,57,click,checkout,tablet
2025-01-20 15:09:10,79,click,checkout,mobile
2025-01-27 10:28:07,98,view,product,mobile
2025-01-30 10:19:59,13,scroll,checkout,mobile
2025-01-29 02:02:40,92,purchase,checkout,tablet
2025-01-08 02:37:23,73,view,product,desktop
2025-01-04 14:36:52,61,purchase,home,mobile
2025-01-06 15:16:03,33,scroll,home,desktop
2025-01-15 12:55:10,43,view,product,desktop
2025-01-03 08:18:26,17,view,checkout,tablet
2025-01-22 00:55:19,42,scroll,product,tablet
2025-01-04 02:33:44,15,view,search,mobile
2025-01-26 02:32:38,46,purchase,checkout,desktop
2025-01-13 18:24:10,18,scroll,product,tablet
2025-01-10 00:27:11,80,scroll,product,desktop
2025-01-19 09:35:55,39,scroll,product,tablet
2025-01-07 06:08:40,34,purchase,home,mobile
2025-01-09 07:50:28,88,view,product,mobile
2025-01-29 12:31:54,74,purchase,home,mobile
2025-01-10 08:09:04,59,click,checkout,desktop
2025-01-14 12:30:41,42,click,checkout,tablet
2025-01-05 19:53:53,22,scroll,product,desktop
2025-01-13 23:29:31,79,scroll,search,desktop
2025-01-30 11:01:28,55,click,home,mobile
2025-01-17 03:24:32,40,click,checkout,desktop
2025-01-19 22:04:48,93,scroll,search,mobile
2025-01-14 15:18:58,87,scroll,checkout,mobile
2025-01-11 13:45:16,37,click,search,tablet
2025-01-27 08:24:43,19,view,checkout,tablet
2025-01-02 13:12:59,98,click,checkout,mobile
2025-01-09 10:20:29,88,click,product,desktop
2025-01-20 16:55:59,66,click,checkout,desktop
2025-01-15 09:28:14,99,view,product,desktop
2025-01-13 11:46:32,41,view,checkout,tablet
2025-01-04 06:24:38,95,view,search,mobile
2025-01-29 02:41:19,53,click,home,tablet
2025-01-17 15:24:53,65,view,search,tablet
2025-01-07 22:36:33,52,purchase,home,desktop
2025-01-29 19:25:38,87,view,search,desktop
2025-01-03 05:16:59,26,purchase,product,desktop
2025-01-30 08:59:07,40,click,home,mobile
2025-01-04 05:14:55,60,click,checkout,desktop
2025-01-29 16:55:15,7,purchase,search,tablet
2025-01-16 08:40:40,82,scroll,product,tablet
2025-01-28 13:28:25,6,purchase,product,tablet
2025-01-23 04:16:28,35,click,product,desktop
2025-01-21 11:16:17,94,click,search,desktop
2025-01-07 06:12:03,46,view,search,tablet
2025-01-17 00:48:31,22,click,product,desktop
2025-01-25 06:08:38,25,click,home,desktop
2025-01-03 11:20:45,8,click,search,mobile
2025-01-19 00:14:39,95,click,home,desktop
2025-01-21 17:11:35,34,view,checkout,tablet
2025-01-21 15:24:56,14,click,checkout,mobile
2025-01-27 10:46:31,20,scroll,search,desktop
2025-01-08 22:37:01,52,view,home,desktop
2025-01-28 14:00:13,4,scroll,search,tablet
2025-01-01 08:58:36,43,purchase,search,mobile
2025-01-24 17:58:24,38,view,search,tablet
2025-01-19 05:39:00,54,purchase,home,tablet
2025-01-08 23:54:06,84,view,product,tablet
2025-01-12 18:17:37,35,click,home,desktop
2025-01-28 03:34:36,3,view,home,mobile
2025-01-11 17:42:28,88,scroll,product,desktop
2025-01-03 01:57:11,30,view,checkout,desktop
2025-01-25 11:28:38,99,view,search,tablet
2025-01-02 04:14:04,99,purchase,search,desktop
2025-01-14 14:50:58,16,click,checkout,mobile
2025-01-17 11:08:49,93,click,search,desktop
2025-01-21 05:42:48,75,purchase,product,tablet
2025-01-06 03:04:23,60,click,home,tablet
2025-01-08 03:11:00,74,scroll,search,mobile
2025-01-29 01:09:38,82,purchase,checkout,mobile
2025-01-01 18:24:39,41,purchase,search,desktop
2025-01-05 09:44:00,11,view,home,mobile
2025-01-25 20:17:07,54,scroll,checkout,desktop
2025-01-14 05:01:17,58,scroll,product,tablet
2025-01-15 15:03:17,67,click,product,tablet
2025-01-11 16:53:01,56,view,checkout,tablet
2025-01-28 16:52:35,95,purchase,checkout,tablet
2025-01-23 03:30:52,67,click,checkout,tablet
2025-01-28 06:51:32,39,click,search,desktop
2025-01-23 20:21:58,91,scroll,product,mobile
2025-01-07 23:06:37,78,click,product,mobile
2025-01-14 22:57:08,47,purchase,product,desktop
2025-01-17 14:18:13,46,purchase,search,desktop
2025-01-28 19:47:22,95,view,product,desktop
2025-01-04 13:33:29,7,scroll,home,tablet
2025-01-20 11:24:23,32,view,product,desktop
2025-01-07 07:27:57,24,click,search,mobile
2025-01-14 20:20:51,6,view,search,mobile
2025-01-28 14:35:37,56,scroll,checkout,tablet
2025-01-24 08:27:52,40,click,product,tablet
2025-01-14 02:51:41,27,click,home,tablet
2025-01-14 16:59:55,90,purchase,home,desktop
2025-01-22 09:38:25,37,scroll,home,mobile
2025-01-19 01:44:25,34,click,search,desktop
2025-01-01 07:57:57,14,click,checkout,desktop
2025-01-23 12:38:17,67,purchase,search,mobile
2025-01-29 22:29:45,15,click,product,mobile
2025-01-01 11:08:19,9,view,product,desktop
2025-01-18 18:03:34,2,view,product,desktop
2025-01-18 14:04:05,64,view,product,desktop
2025-01-22 14:11:22,49,click,product,tablet
2025-01-25 21:02:48,47,purchase,product,tablet
2025-01-03 23:07:53,90,view,product,mobile
2025-01-25 09:49:45,55,click,checkout,desktop
2025-01-21 17:21:12,98,view,product,tablet
2025-01-27 03:50:59,53,purchase,search,mobile
2025-01-17 13:45:41,20,click,home,desktop
2025-01-23 08:46:15,83,purchase,product,tablet
2025-01-19 05:22:13,94,scroll,search,tablet
2025-01-30 19:01:44,67,click,checkout,tablet
2025-01-02 21:17:52,29,click,home,tablet
2025-01-16 03:07:35,63,scroll,product,tablet
2025-01-18 01:45:59,56,click,search,tablet
2025-01-06 21:41:33,3,purchase,search,mobile
2025-01-23 22:10:04,33,click,product,desktop
2025-01-12 18:51:12,74,purchase,checkout,mobile
2025-01-26 18:50:52,28,scroll,search,mobile
2025-01-11 20:29:48,24,view,product,tablet
2025-01-13 15:56:53,52,view,home,desktop
2025-01-07 21:49:39,66,view,home,desktop
2025-01-25 05:28:34,22,click,search,tablet
2025-01-29 14:36:22,43,click,search,tablet
2025-01-15 01:23:39,33,view,search,tablet
2025-01-30 15:22:50,42,scroll,home,mobile
2025-01-24 01:43:27,27,click,checkout,desktop
2025-01-08 16:53:40,93,view,product,mobile
2025-01-21 12:16:19,39,click,product,mobile
2025-01-15 17:31:07,7,purchase,search,mobile
2025-01-24 11:18:23,6,scroll,home,tablet
2025-01-21 22:18:10,99,click,product,mobile
2025-01-09 12:56:50,59,click,search,mobile
2025-01-14 07:17:45,89,purchase,checkout,mobile
2025-01-16 18:36:23,14,click,search,mobile
2025-01-27 15:31:24,81,view,search,mobile
2025-01-12 15:35:41,90,click,checkout,tablet
2025-01-28 04:17:34,94,purchase,home,mobile
2025-01-17 09:44:05,28,scroll,search,desktop
2025-01-10 15:20:56,91,view,product,desktop
2025-01-15 17:25:55,35,click,search,tablet
2025-01-04 01:01:42,25,purchase,search,tablet
2025-01-16 14:52:15,54,purchase,product,desktop
2025-01-17 12:30:21,23,view,checkout,tablet
2025-01-19 12:58:59,99,view,search,tablet
2025-01-18 14:40:46,50,purchase,product,tablet
2025-01-15 10:47:45,42,click,product,mobile
2025-01-10 05:22:15,67,view,checkout,mobile
2025-01-01 08:09:35,75,view,product,tablet
2025-01-17 00:23:20,32,view,search,desktop
2025-01-02 02:57:18,66,purchase,home,mobile
2025-01-18 05:57:51,87,scroll,product,mobile
2025-01-09 18:52:25,42,click,search,mobile
2025-01-13 21:11:37,70,click,checkout,mobile
2025-01-26 14:57:51,93,view,home,mobile
2025-01-07 17:58:54,15,purchase,checkout,tablet
2025-01-04 22:24:59,13,click,product,tablet
2025-01-26 19:30:56,49,view,checkout,mobile
2025-01-07 12:50:54,31,view,checkout,mobile
2025-01-07 22:09:17,2,view,search,mobile
2025-01-15 09:27:24,12,view,home,mobile
2025-01-03 11:12:30,73,view,search,mobile
2025-01-18 22:55:42,47,scroll,search,desktop
2025-01-21 23:52:21,74,scroll,product,tablet
2025-01-27 03:00:12,8,scroll,home,mobile
2025-01-29 09:40:14,84,purchase,checkout,desktop
2025-01-16 10:00:19,93,scroll,home,mobile
2025-01-29 10:05:33,65,view,search,mobile
2025-01-27 06:40:25,42,scroll,search,mobile
2025-01-29 04:53:22,92,scroll,home,tablet
2025-01-10 10:33:09,26,scroll,product,tablet
2025-01-29 14:15:29,49,purchase,checkout,mobile
2025-01-04 06:40:29,80,purchase,checkout,desktop
2025-01-23 13:07:40,73,purchase,search,desktop
2025-01-27 21:26:59,9,view,checkout,desktop
2025-01-04 12:45:04,89,scroll,checkout,tablet
2025-01-21 15:24:37,84,view,home,mobile
2025-01-13 18:51:40,67,view,checkout,desktop
2025-01-26 19:10:41,93,click,product,tablet
2025-01-26 17:25:24,97,scroll,checkout,desktop
2025-01-16 19:39:27,35,purchase,home,mobile
2025-01-14 14:26:19,97,purchase,home,tablet
2025-01-15 14:30:58,13,click,search,mobile
2025-01-24 08:49:26,64,click,checkout,tablet
2025-01-29 04:14:39,98,scroll,search,tablet
2025-01-13 13:39:46,50,view,product,desktop
2025-01-15 03:22:37,25,scroll,home,mobile
2025-01-27 01:54:58,69,view,product,mobile
2025-01-19 17:09:04,79,purchase,checkout,tablet
2025-01-13 23:32:10,33,purchase,home,tablet
2025-01-09 21:04:46,35,purchase,search,tablet
2025-01-04 12:22:18,5,click,home,desktop
2025-01-27 08:15:47,33,view,product,tablet
2025-01-20 09:37:49,8,purchase,checkout,desktop
2025-01-22 02:15:48,46,click,home,tablet
2025-01-24 13:52:13,57,view,search,tablet
2025-01-14 05:14:49,39,click,product,mobile
2025-01-26 09:31:16,11,scroll,product,tablet
2025-01-22 17:09:45,37,click,checkout,tablet
2025-01-16 19:29:00,80,view,checkout,desktop
2025-01-12 10:20:11,89,click,search,mobile
2025-01-02 09:40:11,29,click,product,mobile
2025-01-09 11:48:51,23,scroll,product,desktop
2025-01-27 14:56:24,29,click,search,tablet
2025-01-09 18:22:13,19,purchase,search,tablet
2025-01-30 08:41:51,43,view,checkout,desktop
2025-01-14 17:26:11,15,scroll,search,desktop
2025-01-20 09:40:15,21,scroll,search,tablet
2025-01-14 09:08:16,73,view,home,desktop
2025-01-07 19:04:57,63,scroll,checkout,desktop
2025-01-14 03:54:45,75,purchase,product,tablet
2025-01-17 07:35:14,29,purchase,home,desktop
2025-01-14 03:54:27,5,purchase,home,tablet
2025-01-27 05:31:03,11,purchase,checkout,desktop
2025-01-24 11:06:39,92,scroll,product,tablet
2025-01-21 23:57:00,33,view,search,desktop
2025-01-17 13:30:33,47,click,product,mobile
2025-01-25 19:41:29,88,purchase,product,mobile
2025-01-19 09:37:02,84,scroll,product,mobile
2025-01-11 01:12:58,2,scroll,search,mobile
2025-01-08 10:27:45,92,click,home,tablet
2025-01-24 17:31:57,19,view,checkout,tablet
2025-01-11 23:53:17,53,purchase,home,tablet
2025-01-17 04:36:00,35,view,product,desktop
2025-01-13 14:45:43,90,scroll,checkout,desktop
2025-01-19 19:12:08,50,purchase,home,mobile
2025-01-04 16:39:59,49,purchase,home,tablet
2025-01-27 21:22:03,74,scroll,checkout,mobile
2025-01-16 09:36:30,63,scroll,checkout,tablet
2025-01-10 11:26:25,64,scroll,home,desktop
2025-01-30 00:58:54,66,view,checkout,mobile
2025-01-19 13:47:00,15,view,search,tablet
2025-01-01 04:18:21,50,view,home,tablet
2025-01-08 04:13:53,77,click,search,desktop
2025-01-24 16:06:03,64,click,checkout,tablet
2025-01-07 18:12:36,97,click,product,mobile
2025-01-21 08:38:28,34,click,checkout,desktop
2025-01-05 21:59:07,86,click,product,desktop
2025-01-25 16:42:55,89,scroll,product,mobile
2025-01-25 05:04:16,36,purchase,checkout,desktop
2025-01-03 06:02:35,44,view,search,desktop
2025-01-13 21:22:22,90,scroll,home,mobile
2025-01-06 14:41:27,22,click,checkout,desktop
2025-01-20 23:44:55,13,purchase,search,mobile
2025-01-26 02:54:52,44,click,product,tablet
2025-01-16 09:06:04,27,purchase,checkout,mobile
2025-01-27 06:56:00,75,scroll,home,mobile
2025-01-18 15:44:58,33,scroll,product,tablet
2025-01-25 01:40:26,47,scroll,product,desktop
2025-01-27 14:01:13,43,purchase,checkout,desktop
2025-01-04 16:36:57,19,scroll,search,desktop
2025-01-15 20:44:35,6,click,checkout,desktop
2025-01-04 09:03:05,78,click,search,tablet
2025-01-03 17:17:18,96,view,search,mobile
2025-01-09 06:18:24,9,scroll,home,tablet
2025-01-11 14:24:27,30,click,product,desktop
2025-01-28 13:24:33,35,view,search,mobile
2025-01-22 08:54:26,12,view,product,mobile
2025-01-22 13:48:59,74,purchase,search,desktop
2025-01-13 05:24:51,25,scroll,home,mobile
2025-01-21 01:42:36,35,click,checkout,desktop
2025-01-05 12:49:02,5,click,checkout,mobile
2025-01-20 15:01:19,36,scroll,search,desktop
2025-01-02 07:51:42,73,view,home,tablet
2025-01-28 02:54:01,75,purchase,checkout,mobile
2025-01-16 06:05:10,39,click,product,mobile
2025-01-05 17:32:28,35,view,home,mobile
2025-01-14 08:42:26,49,scroll,product,desktop
2025-01-22 17:03:53,27,purchase,search,mobile
2025-01-23 21:50:07,31,click,checkout,desktop
2025-01-16 16:39:58,5,view,product,desktop
2025-01-16 09:15:49,36,purchase,home,mobile
2025-01-14 04:56:32,43,scroll,checkout,desktop
2025-01-06 05:44:09,27,view,checkout,mobile
2025-01-03 00:45:42,60,scroll,product,desktop
2025-01-08 20:10:36,92,click,search,desktop
2025-01-21 10:24:43,16,scroll,product,tablet
2025-01-18 04:59:08,93,scroll,home,mobile
2025-01-23 10:12:54,83,view,home,mobile
2025-01-29 07:05:29,77,click,search,tablet
2025-01-26 00:10:16,69,scroll,checkout,mobile
2025-01-28 19:55:15,27,click,search,mobile
2025-01-29 07:50:02,34,scroll,checkout,desktop
2025-01-28 06:41:33,43,purchase,product,desktop
2025-01-04 02:15:54,48,click,home,mobile
2025-01-08 20:44:25,5,scroll,checkout,tablet
2025-01-26 14:03:14,23,scroll,search,mobile
2025-01-10 14:31:07,3,view,search,tablet
2025-01-08 00:26:47,88,scroll,search,desktop
2025-01-10 15:39:51,76,click,search,tablet
2025-01-23 23:38:30,83,scroll,home,desktop
2025-01-30 02:39:50,70,scroll,product,mobile
2025-01-19 19:43:45,52,click,search,tablet
2025-01-09 07:49:04,100,purchase,search,mobile
2025-01-07 20:42:32,100,scroll,home,desktop
2025-01-28 12:27:31,11,view,home,tablet
2025-01-19 04:02:45,6,purchase,search,mobile
2025-01-20 09:34:07,24,click,checkout,desktop
2025-01-12 18:20:49,41,scroll,search,mobile
2025-01-21 00:07:12,49,scroll,product,mobile
2025-01-14 12:22:55,86,view,search,desktop
2025-01-12 14:45:59,25,purchase,product,tablet
2025-01-14 14:39:49,67,scroll,checkout,desktop
2025-01-23 15:49:36,34,purchase,home,tablet
2025-01-28 12:29:22,44,scroll,search,mobile
2025-01-22 22:04:48,42,purchase,checkout,tablet
2025-01-19 02:19:05,4,scroll,product,tablet
2025-01-28 19:12:43,24,click,home,desktop
2025-01-17 07:23:33,9,click,checkout,tablet
2025-01-05 13:15:44,54,click,search,mobile
2025-01-04 10:59:43,13,click,home,mobile
2025-01-01 06:16:01,4,click,home,tablet
2025-01-01 03:04:05,10,view,checkout,desktop
2025-01-12 23:53:27,44,click,product,desktop
2025-01-20 11:00:44,21,click,search,desktop
2025-01-10 23:23:02,34,purchase,product,mobile
2025-01-05 23:29:52,48,purchase,checkout,desktop
2025-01-20 19:06:59,93,purchase,home,tablet
2025-01-04 22:57:35,63,click,home,desktop
2025-01-10 21:37:52,100,click,product,tablet
2025-01-01 00:52:24,27,purchase,product,desktop
2025-01-07 19:10:26,54,scroll,checkout,mobile
2025-01-21 01:12:50,97,click,product,mobile
2025-01-21 18:35:05,34,purchase,home,desktop
2025-01-30 10:37:38,83,click,home,mobile
2025-01-29 21:23:51,82,scroll,checkout,desktop
2025-01-15 11:44:56,3,view,home,mobile
2025-01-12 20:04:27,87,purchase,home,desktop
2025-01-10 15:22:28,84,click,search,tablet
2025-01-21 05:18:40,1,purchase,checkout,mobile
2025-01-22 14:08:05,46,click,search,desktop
2025-01-08 19:33:44,61,click,search,desktop
2025-01-13 22:30:45,47,view,home,mobile
2025-01-09 19:07:28,30,click,checkout,tablet
2025-01-15 15:53:28,94,view,product,mobile
2025-01-07 22:46:00,11,click,product,mobile
2025-01-10 12:58:43,20,purchase,home,desktop
2025-01-27 06:43:32,39,view,home,desktop
2025-01-12 08:32:16,12,click,checkout,mobile
2025-01-03 21:30:21,61,view,home,mobile
2025-01-23 09:18:23,46,purchase,checkout,desktop
2025-01-08 23:18:01,87,view,search,desktop
2025-01-05 12:40:25,65,scroll,search,mobile
2025-01-18 06:54:43,86,purchase,search,desktop
2025-01-18 11:57:09,56,purchase,checkout,tablet
2025-01-29 21:29:29,49,scroll,home,tablet
2025-01-17 21:13:20,57,view,product,mobile
2025-01-04 23:21:04,18,scroll,checkout,mobile
2025-01-12 18:34:06,34,scroll,checkout,mobile
2025-01-07 07:37:46,65,purchase,product,desktop
2025-01-04 19:21:25,4,purchase,product,mobile
2025-01-14 21:34:20,13,view,product,tablet
2025-01-28 06:55:45,57,purchase,checkout,desktop
2025-01-16 05:13:03,5,scroll,product,mobile
2025-01-04 23:06:54,20,scroll,checkout,mobile
2025-01-11 03:03:43,93,scroll,checkout,desktop
2025-01-09 16:50:48,64,click,checkout,desktop
2025-01-29 11:43:01,37,scroll,checkout,mobile
2025-01-26 07:07:24,10,click,checkout,desktop
2025-01-11 07:48:26,41,click,search,tablet
2025-01-23 16:12:21,68,purchase,search,tablet
2025-01-22 08:55:56,25,purchase,search,mobile
2025-01-20 08:31:03,3,click,home,mobile
2025-01-07 15:08:05,32,purchase,product,tablet
2025-01-05 04:06:16,78,click,checkout,desktop
2025-01-24 04:14:14,72,scroll,search,tablet
2025-01-30 09:37:02,55,scroll,home,tablet
2025-01-23 04:13:09,7,purchase,product,tablet
2025-01-12 06:27:30,81,purchase,search,desktop
2025-01-12 17:54:52,82,scroll,home,mobile
2025-01-03 10:19:37,27,view,checkout,tablet
2025-01-21 03:29:54,91,scroll,checkout,desktop
2025-01-08 18:08:41,18,purchase,checkout,desktop
2025-01-04 14:26:30,24,purchase,search,mobile
2025-01-17 22:46:51,98,purchase,checkout,tablet
2025-01-13 16:24:20,22,scroll,product,mobile
2025-01-25 14:10:56,22,purchase,product,desktop
2025-01-19 17:22:10,85,view,checkout,mobile
2025-01-03 13:41:17,50,view,search,desktop
2025-01-01 02:31:13,21,scroll,home,mobile
2025-01-17 20:10:37,90,click,product,tablet
2025-01-03 16:58:10,77,purchase,search,desktop
2025-01-18 07:01:56,70,purchase,product,tablet
2025-01-11 11:22:17,52,purchase,product,mobile
2025-01-26 23:10:37,4,view,search,desktop
2025-01-12 06:15:50,75,purchase,product,tablet
2025-01-20 01:14:26,14,purchase,product,desktop
2025-01-28 14:25:13,77,click,home,desktop
2025-01-19 21:34:13,65,scroll,home,mobile
2025-01-10 14:35:08,41,view,checkout,tablet
2025-01-03 02:49:46,77,click,search,mobile
2025-01-15 21:16:34,84,scroll,home,desktop
2025-01-21 12:59:25,64,view,search,mobile
2025-01-18 11:16:53,36,view,home,desktop
2025-01-28 15:34:02,58,scroll,home,tablet
2025-01-27 02:33:32,100,click,home,desktop
2025-01-10 16:56:11,56,purchase,home,desktop
2025-01-30 00:49:14,72,click,checkout,desktop
2025-01-06 06:03:10,91,view,checkout,desktop
2025-01-06 19:32:15,58,click,search,mobile
2025-01-04 16:50:21,3,scroll,home,desktop
2025-01-03 02:20:14,77,click,product,tablet
2025-01-13 23:18:51,64,scroll,product,mobile
2025-01-05 22:13:20,89,purchase,product,tablet
2025-01-27 17:57:00,17,purchase,search,tablet
2025-01-02 14:45:00,78,scroll,checkout,desktop
2025-01-08 19:26:31,6,purchase,checkout,mobile
2025-01-02 16:06:03,28,scroll,checkout,mobile
2025-01-24 20:31:32,50,scroll,home,desktop
2025-01-18 14:06:57,42,view,search,mobile
2025-01-05 13:18:40,70,view,checkout,tablet
2025-01-28 20:50:04,64,view,home,desktop
2025-01-22 21:22:33,66,purchase,home,tablet
2025-01-26 04:37:57,60,view,checkout,tablet
2025-01-11 12:25:16,70,click,home,tablet
2025-01-15 14:18:54,17,view,search,mobile
2025-01-24 16:30:47,83,purchase,checkout,mobile
2025-01-21 05:16:10,45,scroll,checkout,desktop
2025-01-22 23:33:55,1,scroll,search,tablet
2025-01-23 08:16:38,3,scroll,checkout,desktop
2025-01-26 05:04:14,5,click,home,tablet
2025-01-15 11:55:17,12,click,checkout,tablet
2025-01-22 03:01:06,94,scroll,checkout,desktop
2025-01-18 10:20:55,4,view,search,tablet
2025-01-15 10:13:53,98,view,checkout,desktop
2025-01-23 16:52:30,84,view,search,tablet
2025-01-25 18:22:35,21,purchase,product,desktop
2025-01-07 07:47:25,77,click,home,mobile
2025-01-04 19:02:39,43,click,home,mobile
2025-01-19 10:57:41,82,purchase,home,mobile
2025-01-23 08:04:01,58,view,checkout,tablet
2025-01-16 11:51:25,83,view,home,desktop
2025-01-30 08:22:57,83,click,product,mobile
2025-01-18 10:41:29,35,purchase,checkout,tablet
2025-01-19 07:30:09,93,purchase,search,tablet
2025-01-28 17:58:10,29,scroll,home,tablet
2025-01-26 22:29:23,36,click,search,desktop
2025-01-23 09:25:34,31,view,checkout,mobile
2025-01-17 01:23:52,11,click,search,desktop
2025-01-18 11:46:45,47,purchase,search,mobile
2025-01-03 15:09:45,19,scroll,product,desktop
2025-01-11 12:25:05,82,view,home,mobile
2025-01-24 10:31:14,54,purchase,product,tablet
2025-01-23 08:13:50,77,scroll,home,tablet
2025-01-19 16:27:56,83,view,product,tablet
2025-01-02 06:53:06,66,purchase,search,desktop
2025-01-01 10:19:43,9,scroll,home,tablet
2025-01-28 14:17:15,29,purchase,product,desktop
2025-01-22 19:35:57,75,purchase,search,desktop
2025-01-24 12:47:43,2,purchase,product,tablet
2025-01-18 06:50:46,43,view,search,mobile
2025-01-19 03:27:46,55,scroll,product,mobile
2025-01-06 20:15:44,41,click,search,tablet
2025-01-29 04:27:59,91,click,product,tablet
2025-01-22 04:04:49,76,scroll,home,tablet
2025-01-08 09:50:37,89,scroll,search,tablet
2025-01-07 15:51:11,9,purchase,checkout,tablet
2025-01-08 06:50:11,69,purchase,search,mobile
2025-01-09 18:56:15,89,purchase,search,mobile
2025-01-06 03:19:41,45,click,home,desktop
2025-01-10 15:42:58,5,click,product,desktop
2025-01-15 15:33:16,9,click,home,tablet
2025-01-13 23:07:33,40,purchase,home,desktop
2025-01-12 01:49:17,89,click,home,tablet
2025-01-09 19:50:45,76,view,home,mobile
2025-01-12 07:05:07,94,scroll,search,mobile
2025-01-26 14:38:07,41,click,product,tablet
2025-01-18 18:51:21,86,view,home,tablet
2025-01-25 14:10:28,45,scroll,search,mobile
2025-01-29 21:54:39,44,view,checkout,mobile
2025-01-02 16:33:00,60,scroll,search,desktop
2025-01-25 16:56:40,63,purchase,search,desktop
2025-01-15 08:13:23,46,click,product,desktop
2025-01-15 13:38:43,14,click,checkout,tablet
2025-01-15 10:27:39,49,click,product,tablet
2025-01-17 03:49:25,49,view,product,mobile
2025-01-04 10:55:19,93,purchase,home,mobile
2025-01-10 06:18:18,92,purchase,product,tablet
2025-01-14 04:25:31,55,scroll,product,tablet
2025-01-14 22:09:01,53,click,checkout,desktop
2025-01-06 07:11:27,88,click,checkout,mobile
2025-01-16 22:52:22,28,click,checkout,desktop
2025-01-04 07:32:38,21,view,product,mobile
2025-01-01 17:58:56,71,view,product,mobile
2025-01-27 13:54:49,20,purchase,product,desktop
2025-01-14 01:17:33,59,view,home,mobile
2025-01-20 10:16:55,51,purchase,home,tablet
2025-01-15 00:24:11,91,click,checkout,tablet
2025-01-04 12:34:57,16,purchase,search,mobile
2025-01-15 09:00:30,10,scroll,search,tablet
2025-01-20 04:45:28,54,view,checkout,mobile
2025-01-07 06:52:07,1,view,checkout,desktop
2025-01-12 05:55:22,25,purchase,checkout,desktop
2025-01-15 06:34:21,47,view,product,tablet
2025-01-12 05:53:00,1,click,home,desktop
2025-01-12 11:04:54,69,view,home,desktop
2025-01-26 03:50:20,13,view,search,tablet
2025-01-16 15:28:29,43,scroll,search,mobile
2025-01-16 09:04:37,70,purchase,product,desktop
2025-01-25 11:38:29,66,scroll,checkout,mobile
2025-01-17 15:47:48,50,click,search,tablet
2025-01-21 02:03:00,6,scroll,checkout,tablet
2025-01-30 05:56:43,7,scroll,search,desktop
2025-01-13 01:20:40,48,click,search,tablet
2025-01-11 17:16:32,80,purchase,search,tablet
2025-01-06 12:36:25,51,click,product,tablet
2025-01-21 01:16:12,33,click,product,mobile
2025-01-03 04:31:51,78,click,search,mobile
2025-01-29 13:41:52,23,view,search,mobile
2025-01-11 00:31:19,72,purchase,home,desktop
2025-01-24 02:13:07,15,view,search,desktop
2025-01-21 14:17:35,32,scroll,checkout,mobile
2025-01-24 05:39:23,21,click,search,tablet
2025-01-30 05:47:35,97,purchase,checkout,mobile
2025-01-23 13:28:45,15,click,search,mobile
2025-01-17 21:31:32,78,view,search,tablet
2025-01-09 07:01:17,54,view,home,mobile
2025-01-23 15:10:27,99,click,home,desktop
2025-01-10 12:14:31,84,purchase,home,mobile
2025-01-02 09:20:57,33,purchase,product,tablet
2025-01-27 11:49:17,87,purchase,home,tablet
2025-01-16 00:52:35,90,view,home,desktop
2025-01-26 12:11:39,95,view,search,mobile
2025-01-04 22:32:26,81,purchase,search,desktop
2025-01-10 19:18:23,27,purchase,checkout,tablet
2025-01-17 19:38:07,16,view,checkout,desktop
2025-01-09 09:23:39,83,purchase,home,mobile
2025-01-24 19:24:24,26,view,search,mobile
2025-01-22 17:50:19,8,click,search,desktop
2025-01-09 17:10:53,60,click,product,mobile
2025-01-11 14:02:28,44,scroll,home,mobile
2025-01-06 11:01:36,45,click,checkout,tablet
2025-01-14 07:25:23,89,click,product,desktop
2025-01-06 07:18:48,42,click,home,mobile
2025-01-16 15:29:45,99,scroll,product,mobile
2025-01-26 09:30:07,1,purchase,product,desktop
2025-01-27 19:52:55,42,view,product,mobile
2025-01-07 16:37:00,10,scroll,product,mobile
2025-01-18 20:40:55,57,purchase,search,desktop
2025-01-11 05:10:36,86,view,checkout,desktop
2025-01-28 05:49:30,27,purchase,product,mobile
2025-01-24 05:09:02,44,scroll,checkout,tablet
2025-01-08 16:18:13,7,scroll,search,tablet
2025-01-23 12:45:31,19,purchase,home,tablet
2025-01-11 14:29:57,35,view,home,desktop
2025-01-28 00:55:55,6,scroll,product,mobile
2025-01-26 11:35:57,1,view,checkout,desktop
2025-01-14 00:05:16,42,scroll,product,desktop
2025-01-11 22:02:02,76,scroll,checkout,mobile
2025-01-02 23:08:36,35,scroll,checkout,mobile
2025-01-27 03:16:17,29,purchase,checkout,mobile
2025-01-14 04:52:57,92,view,home,tablet
2025-01-13 09:51:29,47,click,home,desktop
2025-01-01 02:00:59,54,purchase,product,tablet
2025-01-03 18:39:21,60,purchase,checkout,desktop
2025-01-21 11:48:02,31,click,home,tablet
2025-01-28 01:10:34,98,scroll,product,desktop
2025-01-05 01:35:29,90,view,search,mobile
2025-01-14 04:51:49,66,click,checkout,desktop
2025-01-03 22:35:34,5,click,product,desktop
2025-01-27 15:46:31,38,click,product,tablet
2025-01-16 18:35:50,46,click,home,tablet
2025-01-21 00:44:48,68,scroll,home,desktop
2025-01-20 05:46:18,25,click,checkout,tablet
2025-01-06 14:04:58,88,click,search,mobile
2025-01-19 13:48:40,24,click,search,desktop
2025-01-04 02:37:30,28,click,checkout,tablet
2025-01-06 09:27:02,39,view,home,mobile
2025-01-22 15:58:47,17,view,checkout,tablet
2025-01-03 08:47:44,7,click,home,mobile
2025-01-04 11:57:37,89,scroll,search,mobile
2025-01-19 20:50:36,54,click,home,desktop
2025-01-19 17:36:47,14,view,home,tablet
2025-01-08 18:31:10,15,click,checkout,tablet
2025-01-29 16:50:29,60,purchase,product,desktop
2025-01-07 15:05:52,80,scroll,home,desktop
2025-01-13 21:05:17,82,scroll,search,mobile
2025-01-28 00:26:42,95,click,home,tablet
2025-01-08 19:12:39,83,view,search,desktop
2025-01-01 23:50:05,43,scroll,product,tablet
2025-01-01 23:15:45,1,click,home,mobile
2025-01-18 06:42:24,10,scroll,home,tablet
2025-01-06 03:01:22,63,scroll,product,mobile
2025-01-16 23:25:32,42,purchase,checkout,desktop
2025-01-11 19:38:19,65,view,home,tablet
2025-01-05 15:54:03,57,view,checkout,tablet
2025-01-05 02:21:00,17,view,home,desktop
2025-01-03 06:40:38,86,purchase,home,tablet
2025-01-08 16:14:55,64,view,checkout,desktop
2025-01-22 10:54:14,27,scroll,home,desktop
2025-01-19 02:39:39,13,scroll,search,mobile
2025-01-09 12:29:09,8,scroll,search,tablet
2025-01-01 16:45:40,6,click,checkout,desktop
2025-01-20 15:45:18,63,scroll,home,tablet
2025-01-11 19:13:00,79,click,search,tablet
2025-01-09 08:54:08,53,purchase,checkout,desktop
2025-01-24 08:00:38,31,click,checkout,mobile
2025-01-26 18:07:12,14,view,checkout,mobile
2025-01-30 10:37:45,47,purchase,product,mobile
2025-01-18 20:33:22,9,purchase,checkout,mobile
2025-01-15 05:00:45,21,click,search,tablet
2025-01-20 15:27:32,29,purchase,search,desktop
2025-01-26 20:52:39,54,view,home,desktop
2025-01-02 22:08:51,9,click,checkout,mobile
2025-01-23 02:12:03,23,scroll,home,tablet
2025-01-02 11:11:55,82,click,search,mobile
2025-01-25 01:23:14,43,scroll,checkout,tablet
2025-01-17 17:04:12,44,view,product,mobile
2025-01-28 20:07:44,63,view,search,mobile
2025-01-29 07:58:09,23,view,product,mobile
2025-01-30 20:48:23,61,click,search,tablet
2025-01-05 14:13:58,7,click,search,mobile
2025-01-07 08:21:48,99,scroll,search,tablet
2025-01-15 08:30:20,46,view,home,mobile
2025-01-23 21:15:25,61,view,search,mobile
2025-01-28 16:15:34,40,scroll,product,mobile
2025-01-22 12:10:13,17,click,checkout,tablet
2025-01-09 12:53:50,41,scroll,search,tablet
2025-01-26 19:46:11,30,click,search,tablet
2025-01-01 12:22:42,56,click,home,mobile
2025-01-14 09:41:28,53,view,search,tablet
2025-01-08 08:17:45,3,purchase,product,tablet
2025-01-07 02:00:22,56,click,checkout,desktop
2025-01-24 16:54:51,4,purchase,product,desktop
2025-01-14 23:31:45,36,view,search,desktop
2025-01-24 22:35:59,34,click,checkout,tablet
2025-01-05 03:24:28,51,scroll,product,mobile
2025-01-18 00:49:33,31,click,search,mobile
2025-01-10 07:51:52,87,scroll,checkout,mobile
2025-01-06 22:25:18,20,click,product,mobile
2025-01-09 02:37:33,88,view,checkout,desktop
2025-01-10 22:42:28,29,purchase,checkout,desktop
2025-01-20 20:20:01,92,scroll,home,desktop
2025-01-23 20:04:56,66,view,home,tablet
2025-01-27 01:20:39,38,click,checkout,desktop
2025-01-10 17:27:59,13,view,search,desktop
2025-01-22 13:49:35,77,view,search,desktop
2025-01-24 22:59:01,74,view,home,mobile
2025-01-14 23:10:01,34,click,home,desktop
2025-01-06 06:49:26,42,purchase,checkout,desktop
2025-01-05 15:56:05,26,view,search,tablet
2025-01-04 08:41:39,94,click,checkout,mobile
2025-01-19 03:10:44,90,purchase,checkout,desktop
2025-01-02 04:51:57,95,scroll,checkout,tablet
2025-01-11 12:24:27,38,purchase,search,tablet
2025-01-13 04:30:42,62,purchase,checkout,desktop
2025-01-10 09:07:18,64,click,home,tablet
2025-01-21 13:08:18,28,purchase,search,desktop
2025-01-05 00:54:25,31,view,product,mobile
2025-01-14 15:07:24,98,click,checkout,tablet
2025-01-06 04:05:37,1,scroll,checkout,mobile
2025-01-03 14:41:32,95,click,checkout,tablet
2025-01-15 08:15:10,40,click,checkout,desktop
2025-01-17 06:53:48,1,purchase,product,mobile
2025-01-01 11:14:11,71,scroll,home,mobile
2025-01-11 15:45:29,98,view,checkout,mobile
2025-01-07 17:47:45,17,view,search,mobile
2025-01-04 16:17:51,70,scroll,checkout,tablet
2025-01-20 19:38:43,68,scroll,home,desktop
2025-01-20 00:21:37,32,scroll,checkout,desktop
2025-01-09 11:42:17,20,view,checkout,mobile
2025-01-02 02:42:02,24,scroll,home,tablet
2025-01-26 22:36:24,1,view,product,tablet
2025-01-23 07:58:46,11,scroll,search,tablet
2025-01-01 19:47:53,82,view,search,desktop
2025-01-25 07:49:03,58,scroll,checkout,desktop
2025-01-20 15:57:20,7,scroll,home,mobile
2025-01-01 15:46:02,86,purchase,product,desktop
2025-01-28 02:52:34,99,scroll,home,mobile
2025-01-15 22:25:01,16,purchase,checkout,desktop
2025-01-08 15:28:10,27,view,home,tablet
2025-01-08 08:43:10,49,click,home,mobile
2025-01-16 15:58:00,90,view,checkout,mobile
2025-01-11 05:39:06,48,scroll,checkout,tablet
2025-01-16 16:25:41,92,view,checkout,mobile
2025-01-25 12:54:38,60,view,checkout,tablet
2025-01-29 04:32:49,20,purchase,product,mobile
2025-01-06 17:42:20,20,click,checkout,desktop
2025-01-06 22:52:51,57,click,home,mobile
2025-01-08 05:38:22,61,scroll,checkout,desktop
2025-01-04 15:42:22,96,view,home,tablet
2025-01-24 03:45:38,64,scroll,checkout,tablet
2025-01-29 17:49:08,84,purchase,product,mobile
2025-01-29 12:57:57,35,click,home,tablet
2025-01-28 06:16:04,22,click,search,tablet
2025-01-25 19:12:17,9,scroll,home,tablet
2025-01-26 12:33:00,49,purchase,checkout,mobile
2025-01-15 04:38:21,57,click,checkout,tablet
2025-01-17 20:59:42,85,view,product,tablet
2025-01-30 20:14:24,9,purchase,product,mobile
2025-01-04 01:16:42,25,purchase,search,mobile
2025-01-18 07:33:59,38,click,product,tablet
2025-01-18 04:43:21,31,purchase,product,mobile
2025-01-21 03:12:03,52,scroll,search,mobile
2025-01-03 08:57:31,73,click,product,mobile
2025-01-04 13:41:56,20,click,checkout,desktop
2025-01-09 01:59:38,53,view,checkout,desktop
2025-01-13 06:53:57,13,view,product,desktop
2025-01-02 23:44:30,9,click,product,mobile
2025-01-20 07:44:34,29,view,home,desktop
2025-01-10 04:10:44,100,click,product,mobile
2025-01-06 23:35:48,84,purchase,home,desktop
2025-01-20 03:59:03,36,view,search,mobile
2025-01-25 03:03:53,45,click,search,tablet
2025-01-02 21:14:27,9,click,search,desktop
2025-01-16 05:21:31,89,purchase,search,desktop
2025-01-17 10:11:09,83,scroll,checkout,mobile
2025-01-25 10:21:07,83,click,home,desktop
2025-01-21 05:05:26,57,scroll,product,desktop
2025-01-21 19:18:00,65,click,search,tablet
2025-01-25 20:26:16,27,view,search,tablet
2025-01-16 07:32:51,71,scroll,product,tablet
2025-01-11 09:41:31,17,purchase,search,desktop
2025-01-27 23:29:55,2,click,home,tablet
2025-01-27 06:12:21,44,view,search,tablet
2025-01-17 00:49:56,18,click,product,mobile
2025-01-29 07:01:17,5,view,product,mobile
2025-01-23 00:36:17,49,scroll,product,tablet
2025-01-03 03:25:31,40,click,checkout,tablet
2025-01-29 19:56:08,23,scroll,search,desktop
2025-01-09 18:20:51,63,purchase,product,tablet
2025-01-17 03:38:29,67,click,home,desktop
2025-01-26 09:08:09,97,view,product,desktop
2025-01-24 17:32:31,66,view,product,desktop
2025-01-11 02:01:31,2,view,home,tablet
2025-01-21 05:42:50,33,view,product,desktop
2025-01-13 10:07:38,18,scroll,checkout,tablet
2025-01-26 02:52:48,93,scroll,home,desktop
2025-01-17 04:02:04,19,view,checkout,mobile
2025-01-14 04:36:58,78,view,search,desktop
2025-01-19 06:49:15,80,click,search,mobile
2025-01-22 04:23:12,61,click,checkout,tablet
2025-01-30 04:14:58,54,scroll,checkout,mobile
2025-01-15 17:29:19,52,purchase,checkout,tablet
2025-01-25 01:14:58,81,view,product,tablet
2025-01-10 00:16:20,9,scroll,home,tablet
2025-01-25 08:00:25,74,scroll,home,desktop
2025-01-30 20:31:39,38,purchase,home,mobile
2025-01-12 05:19:09,29,view,home,tablet
2025-01-14 12:35:53,91,purchase,search,desktop
2025-01-29 04:52:53,66,scroll,search,tablet
2025-01-29 00:01:57,99,click,product,tablet
2025-01-28 09:21:17,36,click,checkout,tablet
2025-01-12 10:13:16,87,scroll,checkout,desktop
2025-01-30 11:23:26,26,scroll,home,desktop
2025-01-27 22:14:45,41,click,product,desktop
2025-01-19 14:52:09,28,purchase,checkout,desktop
2025-01-26 21:42:35,62,view,checkout,mobile
2025-01-09 11:23:52,65,purchase,checkout,tablet
2025-01-01 21:07:55,64,purchase,product,desktop
2025-01-05 19:24:41,29,scroll,product,tablet
2025-01-25 01:25:24,71,click,product,desktop
2025-01-21 05:55:34,3,purchase,checkout,desktop
2025-01-15 00:32:02,26,click,product,tablet
2025-01-21 23:06:01,67,view,search,mobile
2025-01-11 20:13:47,47,purchase,search,tablet
2025-01-01 05:00:31,49,view,search,tablet
2025-01-16 15:37:40,67,scroll,product,mobile
2025-01-05 19:06:03,23,scroll,product,desktop
2025-01-29 04:54:48,19,purchase,product,desktop
2025-01-17 23:01:50,76,click,checkout,desktop
2025-01-23 10:17:33,89,purchase,home,tablet
2025-01-12 03:02:03,6,scroll,product,tablet
2025-01-16 03:51:31,1,click,search,tablet
2025-01-15 00:35:21,62,scroll,search,desktop
2025-01-16 02:29:20,1,purchase,home,tablet
2025-01-28 05:22:56,72,purchase,search,desktop
2025-01-01 00:44:47,58,view,product,mobile
2025-01-03 11:57:16,71,view,home,tablet
2025-01-21 02:15:23,39,view,search,tablet
2025-01-14 04:11:21,11,click,checkout,tablet
2025-01-21 15:39:17,62,click,home,tablet
2025-01-06 12:00:28,21,purchase,search,desktop
2025-01-18 09:04:10,91,purchase,checkout,tablet
2025-01-08 22:23:12,82,scroll,search,tablet
2025-01-16 10:03:59,23,scroll,home,mobile
2025-01-09 00:38:06,47,scroll,product,desktop
2025-01-21 16:13:32,38,scroll,search,desktop
2025-01-30 15:57:25,47,view,home,tablet
2025-01-09 15:18:08,82,purchase,search,desktop
2025-01-03 10:00:02,60,scroll,home,desktop
2025-01-24 13:45:48,78,purchase,checkout,mobile
2025-01-30 16:09:38,81,purchase,home,tablet
2025-01-19 09:22:25,7,click,checkout,tablet
2025-01-19 17:50:53,73,view,search,mobile
2025-01-06 12:57:28,23,scroll,search,desktop
2025-01-25 13:09:44,22,purchase,home,tablet
2025-01-23 08:15:04,30,click,product,tablet
2025-01-06 17:02:28,79,scroll,checkout,desktop
2025-01-08 01:49:10,11,click,checkout,mobile
2025-01-01 16:45:06,63,scroll,search,tablet
2025-01-06 19:32:14,71,click,checkout,tablet
2025-01-19 08:56:35,14,click,home,desktop
2025-01-18 06:38:43,96,purchase,checkout,mobile
2025-01-12 10:48:24,80,click,checkout,tablet
2025-01-29 18:05:10,26,scroll,product,mobile
2025-01-09 00:03:17,38,view,product,mobile
2025-01-04 01:10:52,50,click,product,desktop
2025-01-03 07:13:01,69,scroll,product,mobile
2025-01-15 18:43:42,97,view,home,desktop
2025-01-02 15:51:12,65,scroll,home,desktop
2025-01-22 19:51:59,9,view,product,mobile
2025-01-25 07:03:00,42,view,search,desktop
2025-01-26 03:47:47,88,scroll,search,tablet
2025-01-10 02:30:19,76,purchase,product,mobile
2025-01-22 07:30:05,74,purchase,checkout,tablet
2025-01-09 03:46:00,24,scroll,home,mobile
2025-01-15 01:04:54,83,view,product,mobile
2025-01-25 15:45:13,6,scroll,product,desktop
2025-01-03 05:20:01,36,scroll,search,mobile
2025-01-06 02:55:03,2,scroll,checkout,mobile
2025-01-24 05:14:31,39,scroll,search,desktop
2025-01-02 02:38:18,33,view,home,tablet
2025-01-07 06:11:50,60,purchase,checkout,mobile
2025-01-01 21:23:25,34,purchase,home,desktop
2025-01-29 06:30:45,85,view,checkout,mobile
2025-01-08 10:19:39,17,purchase,product,desktop
2025-01-20 17:12:13,77,click,search,desktop
2025-01-05 23:05:28,13,purchase,checkout,mobile
2025-01-17 02:40:49,49,view,home,tablet
2025-01-29 18:00:53,44,purchase,search,tablet
2025-01-03 08:37:45,3,view,product,tablet
2025-01-25 21:10:58,47,view,checkout,mobile
2025-01-01 09:46:22,33,purchase,checkout,mobile
2025-01-15 18:53:01,44,purchase,search,desktop
2025-01-06 06:25:08,25,view,product,desktop
2025-01-03 07:22:04,82,scroll,product,mobile
2025-01-20 04:20:44,77,purchase,checkout,tablet
2025-01-08 11:57:41,27,click,product,mobile
2025-01-09 16:36:21,72,scroll,search,mobile
2025-01-27 16:26:24,46,scroll,checkout,desktop
2025-01-07 05:02:53,21,click,home,tablet
2025-01-29 18:02:03,29,scroll,checkout,desktop
2025-01-25 08:13:11,8,purchase,search,desktop
2025-01-12 08:18:08,79,purchase,home,mobile
2025-01-28 00:24:20,14,click,product,desktop
2025-01-27 14:22:51,66,scroll,checkout,desktop
2025-01-25 14:37:05,89,purchase,home,mobile
2025-01-22 12:02:57,87,scroll,product,tablet
2025-01-09 16:46:14,86,view,checkout,mobile
2025-01-14 14:57:19,65,scroll,product,tablet
2025-01-27 10:24:03,36,purchase,home,mobile
2025-01-08 05:01:17,38,click,checkout,desktop
2025-01-22 11:04:26,28,scroll,product,desktop
2025-01-05 23:38:47,49,purchase,search,mobile
2025-01-02 00:41:36,18,purchase,checkout,tablet
2025-01-28 01:33:23,22,scroll,checkout,desktop
2025-01-20 14:06:19,33,view,product,desktop
2025-01-16 23:45:06,56,purchase,product,mobile
2025-01-30 05:52:55,89,view,checkout,desktop
2025-01-14 23:42:31,37,purchase,home,desktop
2025-01-25 01:41:23,97,scroll,checkout,desktop
2025-01-25 01:55:20,96,scroll,product,desktop
2025-01-07 15:49:05,31,scroll,checkout,mobile
2025-01-05 17:40:29,17,click,checkout,desktop
2025-01-21 04:12:31,75,scroll,search,desktop
2025-01-11 01:03:34,25,view,checkout,tablet
2025-01-23 23:34:24,79,view,checkout,tablet
2025-01-24 09:04:54,35,view,product,mobile
2025-01-13 15:51:31,84,purchase,home,desktop
2025-01-15 19:01:38,11,view,checkout,mobile
2025-01-16 04:06:34,20,click,search,tablet
2025-01-01 05:39:21,59,scroll,checkout,tablet
2025-01-12 17:21:32,65,click,product,tablet
2025-01-19 06:05:31,19,view,product,desktop
2025-01-23 05:04:43,75,scroll,home,tablet
2025-01-07 21:21:37,44,click,search,mobile
2025-01-09 19:31:19,90,scroll,search,desktop
2025-01-09 12:34:29,14,scroll,checkout,desktop
2025-01-29 19:16:54,51,scroll,home,tablet
2025-01-07 04:23:38,54,click,home,tablet
2025-01-17 11:49:01,15,click,home,desktop
2025-01-15 11:33:04,15,view,search,tablet
2025-01-28 02:22:03,51,scroll,search,tablet
2025-01-27 22:52:56,76,view,checkout,mobile
2025-01-03 12:39:59,43,view,search,mobile
2025-01-08 11:54:24,59,click,checkout,mobile
2025-01-25 01:30:10,68,view,product,tablet
2025-01-11 00:19:18,52,click,product,desktop
2025-01-01 08:19:17,94,click,checkout,desktop
2025-01-21 06:50:43,78,click,search,desktop
2025-01-29 19:54:01,47,click,product,desktop
2025-01-04 04:18:41,24,click,home,tablet
2025-01-15 15:18:15,45,scroll,checkout,mobile
2025-01-27 02:52:49,78,view,product,desktop
2025-01-11 05:13:51,86,view,checkout,desktop
2025-01-04 04:21:35,4,click,search,desktop
2025-01-01 18:33:44,53,purchase,checkout,tablet
2025-01-29 13:50:02,12,click,product,mobile
2025-01-08 23:08:50,9,scroll,product,desktop
2025-01-10 00:31:16,36,click,home,mobile
2025-01-25 03:51:26,97,click,checkout,tablet
2025-01-16 17:46:11,82,view,product,desktop
2025-01-25 06:50:07,61,view,search,mobile
2025-01-30 04:52:37,2,purchase,search,tablet
2025-01-15 00:46:14,82,click,search,desktop
2025-01-29 03:30:44,61,click,search,tablet
2025-01-17 14:44:43,45,scroll,search,tablet
2025-01-02 08:14:36,72,view,search,desktop
2025-01-25 09:18:06,20,click,checkout,desktop
2025-01-30 02:25:42,12,view,home,tablet
2025-01-22 11:45:53,42,click,search,mobile
2025-01-10 19:50:04,86,view,search,mobile
2025-01-18 14:24:17,66,click,product,mobile
2025-01-10 07:11:25,13,click,search,mobile
2025-01-17 19:03:28,16,purchase,product,desktop
2025-01-12 04:48:13,88,scroll,product,mobile
2025-01-02 04:30:40,27,scroll,home,desktop
2025-01-11 11:12:12,73,purchase,product,mobile
2025-01-17 16:55:17,100,scroll,product,tablet
2025-01-08 14:30:55,39,purchase,home,mobile
2025-01-21 01:33:07,37,purchase,product,desktop
2025-01-27 06:48:48,47,view,search,tablet
2025-01-30 10:30:43,2,purchase,home,desktop
2025-01-26 13:28:15,79,scroll,checkout,desktop
2025-01-18 18:32:21,88,view,search,mobile
2025-01-10 16:00:50,53,view,checkout,mobile
2025-01-02 12:58:33,95,scroll,product,tablet
2025-01-09 04:11:38,32,scroll,product,desktop
2025-01-19 06:37:06,52,scroll,search,tablet
2025-01-06 03:06:52,76,purchase,search,mobile
2025-01-21 22:44:57,44,scroll,product,mobile
2025-01-07 18:58:08,21,view,home,desktop
2025-01-26 18:49:30,64,scroll,product,desktop
2025-01-23 18:34:25,84,view,home,tablet
2025-01-13 15:38:53,24,scroll,home,mobile
2025-01-20 08:22:21,27,scroll,search,tablet
2025-01-11 18:19:31,40,purchase,product,desktop
2025-01-26 10:33:52,19,click,home,tablet
2025-01-24 21:12:37,45,purchase,search,tablet
2025-01-12 13:01:00,20,click,product,tablet
2025-01-04 01:35:21,72,view,home,tablet
2025-01-14 10:17:05,57,click,search,desktop
2025-01-06 10:03:25,20,scroll,checkout,tablet
2025-01-11 19:44:43,50,scroll,checkout,mobile
2025-01-22 00:39:13,24,view,search,tablet
2025-01-03 17:22:20,10,scroll,checkout,tablet
2025-01-06 01:14:51,16,view,checkout,mobile
2025-01-18 12:41:32,62,view,search,mobile
2025-01-21 18:52:10,98,view,home,tablet
2025-01-25 18:05:27,42,scroll,home,mobile
2025-01-07 11:43:08,69,purchase,home,tablet
2025-01-19 17:16:01,40,purchase,checkout,desktop
2025-01-22 15:28:41,46,view,search,tablet
2025-01-20 06:40:31,69,purchase,product,desktop
2025-01-19 11:16:57,42,purchase,product,desktop
2025-01-02 22:49:52,45,scroll,checkout,tablet
2025-01-26 07:55:26,84,view,product,desktop
2025-01-02 16:59:07,66,click,home,mobile
2025-01-15 08:30:42,48,click,checkout,desktop
2025-01-02 04:42:48,49,scroll,product,tablet
2025-01-15 06:01:37,87,purchase,checkout,mobile
2025-01-05 11:46:19,31,scroll,product,mobile
2025-01-10 12:07:52,16,purchase,home,desktop
2025-01-06 13:07:04,41,scroll,product,desktop
2025-01-13 14:16:39,43,purchase,checkout,desktop
2025-01-16 10:21:35,14,scroll,search,desktop
2025-01-04 09:04:04,14,view,home,desktop
2025-01-17 05:13:50,55,purchase,product,mobile
2025-01-07 18:59:32,16,view,checkout,tablet
2025-01-27 19:10:58,23,view,checkout,tablet
2025-01-11 05:26:26,50,purchase,checkout,tablet
2025-01-12 14:55:01,8,view,checkout,tablet
2025-01-20 04:18:12,95,scroll,checkout,mobile
2025-01-18 10:02:16,62,purchase,product,desktop
2025-01-24 23:04:20,14,click,search,tablet
2025-01-26 14:31:39,24,click,product,desktop
2025-01-19 08:19:50,24,purchase,home,mobile
2025-01-08 09:58:52,78,view,home,mobile
2025-01-09 16:48:54,2,click,home,desktop
2025-01-22 22:44:31,19,scroll,product,desktop
2025-01-08 02:22:57,7,click,home,desktop
2025-01-19 23:02:57,29,purchase,search,desktop
2025-01-23 18:31:10,64,scroll,product,tablet
2025-01-01 06:10:08,73,click,checkout,tablet
2025-01-10 02:23:42,74,scroll,search,tablet
2025-01-07 12:58:25,100,click,home,mobile
2025-01-02 03:19:04,57,scroll,search,tablet
2025-01-28 10:54:54,6,purchase,checkout,tablet
2025-01-02 00:57:32,78,purchase,search,desktop
2025-01-04 16:57:38,22,click,home,mobile
2025-01-08 11:42:52,93,click,search,desktop
2025-01-11 05:13:18,29,view,checkout,tablet
2025-01-11 20:00:58,65,scroll,home,mobile
2025-01-18 03:43:23,40,click,home,tablet
2025-01-09 05:01:15,31,scroll,product,mobile
2025-01-03 09:28:45,93,purchase,product,tablet
2025-01-18 06:51:02,21,click,product,desktop
2025-01-15 21:55:37,13,purchase,product,desktop
2025-01-01 11:37:46,36,scroll,product,tablet
2025-01-10 14:42:26,42,purchase,home,tablet
2025-01-12 18:29:50,31,click,product,tablet
2025-01-15 14:22:49,45,view,product,mobile
2025-01-11 17:35:58,54,scroll,checkout,mobile
2025-01-12 00:15:36,45,purchase,home,mobile
2025-01-27 03:40:48,71,scroll,product,mobile
2025-01-02 14:59:23,6,view,home,tablet
2025-01-02 18:14:36,91,view,checkout,desktop
2025-01-24 19:30:44,48,purchase,home,desktop
2025-01-28 05:47:39,56,click,checkout,desktop
2025-01-28 17:30:52,96,click,checkout,desktop
2025-01-01 09:34:07,100,click,search,desktop
2025-01-01 17:06:46,60,view,product,mobile
2025-01-08 13:02:00,84,view,search,mobile
2025-01-24 16:02:06,100,view,product,tablet
2025-01-21 04:23:58,78,click,search,mobile
2025-01-03 21:24:59,76,purchase,search,tablet
2025-01-05 04:11:16,44,click,search,mobile
2025-01-03 20:22:33,100,click,home,tablet
2025-01-25 09:31:02,8,click,product,mobile
2025-01-07 12:14:25,95,scroll,checkout,mobile
2025-01-30 09:35:39,92,view,search,mobile
2025-01-12 19:11:19,58,click,search,tablet
2025-01-06 05:36:48,68,view,checkout,desktop
2025-01-26 16:36:30,58,scroll,search,mobile
2025-01-03 18:57:00,9,view,search,tablet
2025-01-05 09:48:48,35,scroll,search,mobile
2025-01-20 22:37:24,32,purchase,product,desktop
2025-01-23 22:43:50,40,scroll,product,desktop
2025-01-03 21:15:14,24,view,product,tablet
2025-01-18 05:47:34,2,purchase,checkout,mobile
2025-01-02 17:09:03,71,purchase,search,desktop
2025-01-05 14:28:17,36,purchase,product,mobile
2025-01-11 17:06:35,42,view,product,desktop
2025-01-17 20:12:42,80,view,checkout,mobile
2025-01-26 22:48:53,48,view,product,desktop
2025-01-03 19:50:21,10,purchase,home,desktop
2025-01-15 16:07:03,11,scroll,home,mobile
2025-01-24 23:01:21,71,purchase,home,tablet
2025-01-02 20:44:47,12,purchase,search,tablet
2025-01-04 22:17:02,89,view,home,mobile
2025-01-01 12:10:05,72,purchase,home,desktop
2025-01-26 04:32:10,93,scroll,product,desktop
2025-01-20 04:07:01,55,purchase,search,mobile
2025-01-18 01:46:15,83,purchase,home,mobile
2025-01-17 05:07:42,41,view,product,desktop
2025-01-27 03:20:33,31,click,checkout,tablet
2025-01-24 15:30:11,50,purchase,checkout,tablet
2025-01-18 19:14:01,14,scroll,home,mobile
2025-01-01 16:31:38,90,purchase,checkout,tablet
2025-01-28 11:10:04,12,view,checkout,tablet
2025-01-22 08:31:18,20,scroll,search,tablet
2025-01-24 02:30:00,42,view,home,mobile
2025-01-04 09:25:34,51,purchase,search,mobile
2025-01-08 06:56:04,72,scroll,search,tablet
2025-01-23 18:01:58,98,scroll,checkout,desktop
2025-01-04 22:14:06,6,click,home,tablet
2025-01-05 17:35:33,21,scroll,home,mobile
2025-01-29 09:56:45,75,scroll,search,desktop
2025-01-10 11:15:44,3,scroll,product,mobile
2025-01-06 19:12:02,82,view,search,desktop
2025-01-20 03:24:29,10,scroll,home,desktop
2025-01-27 09:05:03,57,scroll,home,desktop
2025-01-11 01:10:25,54,view,checkout,tablet
2025-01-07 17:20:53,84,view,home,tablet
2025-01-20 12:46:24,70,purchase,product,tablet
2025-01-27 05:25:09,1,scroll,product,tablet
2025-01-11 15:29:50,2,purchase,search,mobile
2025-01-01 11:40:55,38,purchase,checkout,tablet
2025-01-18 20:48:54,19,view,home,desktop
2025-01-23 02:02:12,70,click,checkout,mobile
2025-01-28 09:39:20,40,view,checkout,desktop
2025-01-14 11:19:36,57,view,home,desktop
2025-01-20 06:33:44,17,view,home,tablet
2025-01-16 10:23:34,60,purchase,product,tablet
2025-01-19 22:31:38,100,click,home,mobile
2025-01-10 09:38:38,29,purchase,home,desktop
2025-01-12 22:18:43,68,view,home,mobile
2025-01-10 17:25:47,31,click,search,tablet
2025-01-22 17:13:44,33,view,checkout,tablet
2025-01-24 03:41:20,56,scroll,product,mobile
2025-01-18 10:10:39,71,scroll,checkout,desktop
2025-01-20 23:14:16,70,view,product,tablet
2025-01-15 06:12:06,18,purchase,search,desktop
2025-01-08 11:26:51,18,scroll,search,mobile
2025-01-13 21:54:07,10,view,home,mobile
2025-01-10 12:23:22,82,scroll,search,desktop
2025-01-28 10:58:42,54,purchase,home,mobile
2025-01-30 11:45:30,54,click,home,tablet
2025-01-03 14:44:45,85,view,search,tablet
2025-01-24 10:01:33,21,purchase,search,mobile
2025-01-24 03:36:42,30,scroll,home,desktop
2025-01-05 06:13:50,39,view,product,desktop
2025-01-20 15:39:11,57,purchase,product,tablet
2025-01-13 18:06:57,25,click,product,mobile
2025-01-28 05:04:14,51,view,home,desktop
2025-01-26 20:35:08,23,click,home,desktop
2025-01-25 20:47:13,6,scroll,search,tablet
2025-01-01 12:48:53,81,scroll,checkout,tablet
2025-01-23 23:19:09,6,purchase,search,tablet
2025-01-26 14:31:40,5,click,product,tablet
2025-01-20 06:37:00,45,purchase,product,tablet
2025-01-10 08:55:53,46,click,checkout,tablet
2025-01-10 13:29:55,82,view,product,desktop
2025-01-23 00:21:24,50,scroll,search,desktop
2025-01-07 02:59:39,79,scroll,search,mobile
2025-01-04 05:15:40,37,click,home,mobile
2025-01-20 13:08:51,53,view,home,desktop
2025-01-17 07:53:44,57,purchase,search,tablet
2025-01-12 12:48:01,61,scroll,home,mobile
2025-01-21 23:33:38,76,click,checkout,desktop
2025-01-18 16:09:46,79,purchase,product,mobile
2025-01-02 22:04:53,49,click,checkout,tablet
2025-01-18 00:54:31,25,click,search,tablet
2025-01-07 10:07:15,21,view,search,desktop
2025-01-16 01:20:04,55,purchase,search,desktop
2025-01-23 10:23:12,49,click,checkout,desktop
2025-01-18 04:00:45,33,scroll,product,desktop
2025-01-21 23:09:21,75,scroll,product,mobile
2025-01-13 23:06:20,39,view,product,tablet
2025-01-24 18:08:24,47,click,product,mobile
2025-01-11 05:17:03,68,view,product,desktop
2025-01-28 15:18:15,4,view,search,mobile
2025-01-27 11:21:02,38,purchase,product,desktop
2025-01-12 00:47:01,11,scroll,product,desktop
2025-01-12 19:30:42,88,click,search,mobile
2025-01-21 20:26:14,90,purchase,home,tablet
2025-01-10 00:44:21,2,purchase,product,desktop
2025-01-20 03:16:00,99,view,home,mobile
2025-01-21 22:48:09,73,scroll,checkout,mobile
2025-01-08 12:08:38,86,purchase,home,mobile
2025-01-26 17:03:13,80,view,home,desktop
2025-01-16 16:05:40,31,click,checkout,desktop
2025-01-25 22:07:49,7,click,search,desktop
2025-01-29 06:05:38,96,view,product,mobile
2025-01-28 21:13:26,17,view,checkout,tablet
2025-01-22 08:41:34,83,purchase,search,mobile
2025-01-20 05:30:16,35,click,product,tablet
2025-01-16 10:35:09,92,scroll,home,tablet
2025-01-17 20:40:05,96,view,home,tablet
2025-01-01 05:17:11,71,purchase,checkout,mobile
2025-01-15 11:36:25,26,click,checkout,desktop
2025-01-11 05:47:15,72,click,checkout,desktop
2025-01-30 02:53:58,84,scroll,product,desktop
2025-01-30 00:51:53,42,click,product,desktop
2025-01-01 14:08:35,45,click,product,tablet
2025-01-15 07:26:39,84,purchase,search,mobile
2025-01-10 00:35:12,48,scroll,search,desktop
2025-01-08 12:48:29,40,click,checkout,mobile
2025-01-01 10:52:41,73,click,search,desktop
2025-01-29 14:33:14,89,click,home,mobile
2025-01-18 09:19:29,71,scroll,checkout,tablet
2025-01-26 12:42:22,1,scroll,checkout,mobile
2025-01-30 04:31:45,8,view,search,tablet
2025-01-08 12:47:16,70,click,product,tablet
2025-01-10 01:51:10,60,view,home,tablet
2025-01-10 01:54:49,67,view,home,tablet
2025-01-21 23:46:07,45,view,search,desktop
2025-01-04 21:18:25,70,purchase,search,tablet
2025-01-30 11:25:27,41,purchase,search,mobile
2025-01-13 02:09:56,41,scroll,search,mobile
2025-01-22 20:42:42,98,scroll,checkout,mobile
2025-01-14 09:35:04,81,view,search,desktop
2025-01-17 14:16:41,87,view,product,desktop
2025-01-03 00:42:58,61,click,product,desktop
2025-01-28 20:27:14,67,view,product,mobile
2025-01-06 21:04:21,55,scroll,product,tablet
2025-01-23 14:48:17,38,purchase,checkout,mobile
2025-01-11 11:16:53,20,click,checkout,mobile
2025-01-13 10:49:11,31,scroll,home,mobile
2025-01-02 04:52:14,44,click,product,mobile
2025-01-03 10:15:45,19,purchase,search,tablet
2025-01-09 17:33:50,34,purchase,home,tablet
2025-01-28 07:05:55,25,click,home,desktop
2025-01-22 06:55:11,49,purchase,search,tablet
2025-01-23 12:30:16,9,click,search,tablet
2025-01-03 10:09:55,71,purchase,checkout,tablet
2025-01-16 02:32:24,18,view,product,mobile
2025-01-20 10:39:48,25,purchase,product,tablet
2025-01-01 02:39:48,17,scroll,checkout,mobile
2025-01-09 20:16:37,24,scroll,home,desktop
2025-01-27 23:55:14,85,click,home,desktop
2025-01-15 19:42:26,100,view,checkout,tablet
2025-01-11 20:12:23,57,scroll,product,mobile
2025-01-16 08:24:33,17,click,product,desktop
2025-01-21 07:14:31,100,purchase,home,mobile
2025-01-14 15:38:21,78,click,checkout,desktop
2025-01-18 09:59:43,3,click,search,mobile
2025-01-09 09:06:33,33,view,home,desktop
2025-01-25 03:32:16,14,view,checkout,mobile
2025-01-21 22:08:08,34,click,checkout,tablet
2025-01-10 09:54:21,59,scroll,product,mobile
2025-01-22 08:25:48,87,view,home,mobile
2025-01-07 10:17:50,79,view,checkout,tablet
2025-01-20 16:15:45,50,click,product,mobile
2025-01-01 17:46:56,85,view,checkout,desktop
2025-01-06 16:09:15,18,click,product,mobile
2025-01-24 11:14:30,40,scroll,product,tablet
2025-01-21 11:14:40,89,purchase,search,mobile
2025-01-06 22:32:20,80,scroll,checkout,mobile
2025-01-13 16:04:34,5,scroll,search,mobile
2025-01-25 13:48:04,19,view,checkout,tablet
2025-01-03 19:07:22,91,purchase,checkout,mobile
2025-01-15 06:31:46,9,view,product,desktop
2025-01-28 09:53:40,76,view,home,desktop
2025-01-12 10:56:13,95,scroll,home,mobile
2025-01-02 17:14:32,72,purchase,checkout,mobile
2025-01-25 03:33:13,40,view,checkout,desktop
2025-01-12 06:19:24,29,click,search,mobile
2025-01-09 19:02:50,89,purchase,search,desktop
2025-01-26 07:45:42,69,scroll,checkout,mobile
2025-01-17 18:59:02,53,click,product,tablet
2025-01-25 04:29:03,68,purchase,home,tablet
2025-01-29 04:20:22,39,view,checkout,tablet
2025-01-13 00:33:52,22,click,checkout,desktop
2025-01-24 01:21:37,56,scroll,home,desktop
2025-01-22 18:20:29,17,click,checkout,tablet
2025-01-25 12:36:03,68,scroll,checkout,mobile
2025-01-19 04:27:22,56,click,search,desktop
2025-01-14 17:17:55,12,click,product,desktop
2025-01-21 11:46:13,97,scroll,checkout,desktop
2025-01-21 15:34:07,84,click,search,mobile
2025-01-30 13:46:50,47,purchase,product,tablet
2025-01-18 15:50:46,73,scroll,home,tablet
2025-01-30 02:09:29,53,view,search,mobile
2025-01-25 20:58:33,68,click,search,tablet
2025-01-21 02:14:42,53,click,checkout,tablet
2025-01-20 09:56:45,66,view,checkout,tablet
2025-01-04 15:43:14,66,view,search,mobile
2025-01-20 14:50:12,49,click,search,mobile
2025-01-19 08:13:00,60,click,home,desktop
2025-01-03 16:21:17,26,purchase,search,mobile
2025-01-16 19:24:35,19,view,product,mobile
2025-01-09 12:43:10,59,click,search,desktop
2025-01-15 13:47:13,60,purchase,home,mobile
2025-01-23 17:53:53,63,scroll,home,desktop
2025-01-10 20:25:52,3,view,checkout,tablet
2025-01-08 17:35:54,87,view,home,mobile
2025-01-05 03:16:54,76,purchase,home,mobile
2025-01-06 17:06:09,63,view,product,desktop
2025-01-15 04:58:30,40,click,checkout,desktop
2025-01-09 21:01:41,43,click,checkout,tablet
2025-01-27 16:48:33,66,click,checkout,mobile
2025-01-24 18:59:49,16,click,product,tablet
2025-01-03 21:00:53,29,scroll,product,desktop
2025-01-19 18:36:58,83,scroll,search,tablet
2025-01-09 09:34:54,66,purchase,home,tablet
2025-01-09 05:19:08,36,view,checkout,mobile
2025-01-19 00:00:40,81,purchase,checkout,mobile
2025-01-28 16:56:23,78,purchase,search,desktop
2025-01-22 10:14:18,77,click,checkout,desktop
2025-01-04 10:28:13,26,purchase,search,mobile
2025-01-06 01:38:34,15,view,search,tablet
2025-01-30 14:43:31,44,click,home,tablet
2025-01-12 08:39:08,67,scroll,home,tablet
2025-01-16 23:40:21,95,purchase,checkout,mobile
2025-01-11 12:00:22,42,scroll,home,desktop
2025-01-22 17:57:57,77,purchase,product,desktop
2025-01-16 03:49:32,10,scroll,search,desktop
2025-01-28 22:54:30,77,purchase,product,mobile
2025-01-21 13:36:43,18,click,product,tablet
2025-01-03 15:16:43,26,click,product,desktop
2025-01-05 14:24:24,86,purchase,search,mobile
2025-01-05 04:04:06,77,scroll,search,tablet
2025-01-17 09:26:51,36,purchase,checkout,desktop
2025-01-19 11:36:20,87,purchase,search,tablet
2025-01-17 12:27:16,36,view,product,desktop
2025-01-12 17:26:40,74,view,search,tablet
2025-01-10 16:54:28,17,scroll,product,desktop
2025-01-18 00:11:06,36,view,search,desktop
2025-01-11 18:29:24,12,scroll,product,tablet
2025-01-01 22:21:18,70,view,search,desktop
2025-01-08 04:20:47,26,view,checkout,desktop
2025-01-22 09:52:06,47,click,product,mobile
2025-01-17 01:05:11,98,purchase,checkout,mobile
2025-01-22 15:19:27,28,purchase,home,desktop
2025-01-28 02:45:34,12,purchase,home,mobile
2025-01-02 23:16:20,62,scroll,product,desktop
2025-01-19 10:53:06,79,purchase,checkout,desktop
2025-01-04 02:38:52,51,click,checkout,desktop
2025-01-20 01:21:38,64,click,checkout,tablet
2025-01-24 17:17:33,22,click,product,mobile
2025-01-29 07:49:50,13,view,home,tablet
2025-01-12 17:38:20,12,purchase,product,desktop
2025-01-06 02:28:35,88,scroll,home,mobile
2025-01-30 13:31:35,36,click,search,tablet
2025-01-11 09:21:10,14,purchase,search,mobile
2025-01-14 21:02:20,18,click,home,tablet
2025-01-17 06:34:49,35,view,product,mobile
2025-01-04 08:50:31,39,purchase,search,tablet
2025-01-14 05:28:48,31,click,checkout,mobile
2025-01-09 11:58:21,30,click,home,tablet
2025-01-23 02:39:24,56,purchase,checkout,desktop
2025-01-19 11:33:29,6,purchase,search,desktop
2025-01-21 15:23:16,100,purchase,product,mobile
2025-01-02 10:58:17,60,scroll,search,desktop
2025-01-19 16:33:53,6,click,home,tablet
2025-01-30 12:41:01,55,view,product,mobile
2025-01-07 13:23:25,30,view,search,mobile
2025-01-07 06:52:55,21,purchase,search,tablet
2025-01-02 17:54:25,26,view,checkout,mobile
2025-01-12 17:06:41,34,scroll,home,tablet
2025-01-12 12:46:49,73,click,product,mobile
2025-01-02 03:59:36,59,scroll,search,tablet
2025-01-17 00:38:08,11,purchase,product,mobile
2025-01-18 17:20:57,39,click,product,mobile
2025-01-06 03:09:16,48,view,search,mobile
2025-01-25 21:54:13,18,purchase,search,desktop
2025-01-09 04:58:56,3,scroll,checkout,desktop
2025-01-04 15:50:49,61,scroll,checkout,desktop
2025-01-23 04:11:00,47,click,search,mobile
2025-01-14 17:54:21,60,click,home,mobile
2025-01-06 01:33:40,34,scroll,home,desktop
2025-01-20 13:31:25,41,scroll,product,tablet
2025-01-12 06:36:05,77,view,home,mobile
2025-01-13 16:42:04,50,scroll,home,desktop
2025-01-05 08:22:47,32,purchase,product,tablet
2025-01-30 03:04:49,25,view,search,tablet
2025-01-06 10:24:24,40,scroll,checkout,mobile
2025-01-02 01:01:58,31,click,product,tablet
2025-01-28 12:24:43,34,click,checkout,desktop
2025-01-23 20:08:33,94,purchase,search,desktop
2025-01-22 01:28:54,54,view,product,tablet
2025-01-13 07:05:50,58,purchase,search,tablet
2025-01-26 11:19:26,93,scroll,checkout,desktop
2025-01-28 16:54:09,71,purchase,home,tablet
2025-01-05 21:31:30,77,view,checkout,mobile
2025-01-17 20:19:30,77,click,checkout,tablet
2025-01-04 02:22:58,25,click,product,desktop
2025-01-23 11:24:21,8,view,search,desktop
2025-01-21 14:56:24,74,scroll,home,desktop
2025-01-06 06:52:58,55,click,search,tablet
2025-01-04 05:29:32,33,purchase,product,mobile
2025-01-19 15:32:02,98,scroll,product,tablet
2025-01-03 13:53:59,5,scroll,search,tablet
2025-01-07 20:27:48,47,scroll,product,tablet
2025-01-12 23:07:20,57,scroll,checkout,tablet
2025-01-25 12:39:37,98,view,search,mobile
2025-01-05 23:31:15,22,purchase,product,mobile
2025-01-18 08:01:49,73,purchase,product,tablet
2025-01-09 05:27:10,45,view,product,mobile
2025-01-04 04:11:17,92,click,checkout,tablet
2025-01-25 14:17:55,100,view,checkout,desktop
2025-01-29 04:05:31,59,scroll,product,mobile
2025-01-22 20:43:31,48,click,checkout,mobile
2025-01-18 05:36:12,63,purchase,search,desktop
2025-01-26 22:33:16,86,purchase,product,mobile
2025-01-09 11:39:20,52,purchase,checkout,mobile
2025-01-13 19:28:04,16,view,home,tablet
2025-01-21 02:04:36,47,click,home,desktop
2025-01-24 00:04:51,50,purchase,checkout,mobile
2025-01-04 22:47:45,24,purchase,checkout,desktop
2025-01-04 19:39:13,70,purchase,product,tablet
2025-01-25 16:27:10,83,click,search,mobile
2025-01-28 11:25:09,16,view,home,desktop
2025-01-19 06:35:10,95,click,search,mobile
2025-01-27 01:03:57,61,scroll,search,mobile
2025-01-12 03:50:20,89,scroll,product,mobile
2025-01-08 12:04:34,68,purchase,search,tablet
2025-01-04 04:20:04,35,view,product,tablet
2025-01-22 14:42:31,62,click,product,desktop
2025-01-10 09:04:52,39,purchase,checkout,tablet
2025-01-29 11:07:44,87,click,checkout,tablet
2025-01-14 03:29:21,85,click,product,mobile
2025-01-23 23:33:41,63,purchase,checkout,tablet
2025-01-15 15:25:16,58,click,checkout,tablet
2025-01-04 20:03:12,54,purchase,home,tablet
2025-01-26 07:34:43,6,purchase,product,tablet
2025-01-25 06:44:44,98,scroll,search,mobile
2025-01-25 03:29:33,33,view,product,mobile
2025-01-19 15:35:59,41,purchase,search,tablet
2025-01-26 08:13:10,15,view,checkout,tablet
2025-01-29 06:25:04,14,scroll,search,desktop
2025-01-09 11:09:22,82,purchase,home,mobile
2025-01-23 21:12:55,50,scroll,home,desktop
2025-01-15 16:14:06,9,click,product,mobile
2025-01-03 00:27:50,25,scroll,search,desktop
2025-01-04 20:16:02,3,purchase,product,tablet
2025-01-07 00:46:52,28,click,search,desktop
2025-01-19 06:37:38,44,view,search,mobile
2025-01-07 20:47:40,33,click,checkout,tablet
2025-01-08 08:13:43,29,scroll,home,mobile
2025-01-11 12:01:15,66,click,checkout,mobile
2025-01-14 07:21:25,45,view,checkout,desktop
2025-01-12 20:48:27,72,purchase,product,tablet
2025-01-24 19:46:57,48,scroll,home,tablet
2025-01-08 23:38:32,25,scroll,product,desktop
2025-01-26 03:49:43,46,scroll,checkout,tablet
2025-01-27 01:20:29,98,purchase,product,tablet
2025-01-17 10:39:14,38,view,search,mobile
2025-01-11 16:48:19,46,view,checkout,tablet
2025-01-26 02:42:20,57,scroll,checkout,mobile
2025-01-08 05:26:37,67,scroll,home,mobile
2025-01-21 16:45:24,99,scroll,home,mobile
2025-01-30 12:53:28,24,scroll,search,desktop
2025-01-28 21:32:42,62,click,product,mobile
2025-01-25 20:23:09,97,purchase,product,desktop
2025-01-08 13:05:46,96,purchase,search,mobile
2025-01-16 09:12:40,17,scroll,checkout,mobile
2025-01-27 03:35:06,36,scroll,product,tablet
2025-01-27 04:56:46,83,purchase,product,mobile
2025-01-19 11:15:37,84,purchase,checkout,desktop
2025-01-16 12:51:02,68,click,checkout,desktop
2025-01-11 05:46:11,25,scroll,search,desktop
2025-01-08 04:30:01,75,click,checkout,tablet
2025-01-17 10:48:30,25,click,search,tablet
2025-01-05 03:21:01,31,view,search,mobile
2025-01-17 00:20:58,83,scroll,home,tablet
2025-01-12 13:50:57,42,scroll,search,mobile
2025-01-23 19:09:43,96,click,checkout,tablet
2025-01-28 20:02:02,2,view,home,mobile
2025-01-18 02:53:27,49,purchase,search,tablet
2025-01-01 01:34:14,10,scroll,product,mobile
2025-01-03 02:18:09,57,view,home,desktop
2025-01-23 00:44:50,90,purchase,checkout,desktop
2025-01-06 20:18:21,26,scroll,product,tablet
2025-01-09 06:43:36,64,view,search,desktop
2025-01-06 05:19:28,58,purchase,home,mobile
2025-01-09 21:40:27,13,purchase,checkout,mobile
2025-01-01 09:46:56,94,scroll,product,tablet
2025-01-04 19:13:33,30,purchase,search,mobile
2025-01-24 10:42:21,46,purchase,checkout,mobile
2025-01-17 13:51:36,72,view,product,tablet
2025-01-02 13:26:00,75,purchase,search,tablet
2025-01-30 22:21:05,16,click,checkout,mobile
2025-01-12 02:06:58,97,view,product,tablet
2025-01-28 21:08:06,36,view,search,mobile
2025-01-09 16:41:27,71,scroll,search,tablet
2025-01-29 21:52:13,85,click,product,desktop
2025-01-22 00:36:19,96,scroll,search,tablet
2025-01-25 02:08:43,77,scroll,checkout,mobile
2025-01-19 20:04:00,4,purchase,home,tablet
2025-01-16 20:30:55,65,scroll,search,desktop
2025-01-13 01:03:40,35,view,checkout,tablet
2025-01-14 23:54:42,2,purchase,home,mobile
2025-01-11 18:25:56,40,view,search,mobile
2025-01-04 21:07:31,10,click,search,desktop
2025-01-01 19:43:04,78,click,search,tablet
2025-01-10 14:15:27,71,click,checkout,tablet
2025-01-23 05:01:04,19,click,product,tablet
2025-01-02 04:14:24,54,scroll,checkout,tablet
2025-01-29 03:15:05,50,scroll,checkout,tablet
2025-01-12 14:36:09,92,purchase,home,desktop
2025-01-15 20:22:16,99,purchase,checkout,tablet
2025-01-20 09:54:08,59,click,home,desktop
2025-01-20 00:29:20,86,scroll,home,tablet
2025-01-29 10:32:21,7,purchase,checkout,mobile
2025-01-28 08:05:19,20,purchase,product,mobile
2025-01-18 07:28:02,91,view,product,mobile
2025-01-25 18:06:07,46,purchase,product,tablet
2025-01-18 11:42:28,18,scroll,search,mobile
2025-01-21 10:17:20,74,purchase,checkout,desktop
2025-01-24 07:43:30,69,view,search,tablet
2025-01-17 15:30:20,52,view,product,desktop
2025-01-12 22:25:04,75,purchase,home,desktop
2025-01-08 07:01:16,48,scroll,search,desktop
2025-01-16 02:50:37,15,click,checkout,tablet
2025-01-04 18:09:34,90,view,product,desktop
2025-01-06 21:26:47,38,click,home,mobile
2025-01-10 22:35:10,16,click,search,mobile
2025-01-23 22:32:12,53,purchase,search,desktop
2025-01-10 04:55:28,65,click,search,desktop
2025-01-05 17:19:42,86,view,home,desktop
2025-01-05 19:20:09,53,view,checkout,tablet
2025-01-09 07:06:58,58,scroll,search,mobile
2025-01-24 05:59:33,4,click,checkout,desktop
2025-01-10 06:40:42,54,scroll,product,desktop
2025-01-03 23:53:56,77,purchase,product,mobile
2025-01-29 00:15:35,34,click,product,mobile
2025-01-21 22:31:16,72,click,home,desktop
2025-01-29 22:16:28,79,view,home,mobile
2025-01-04 12:32:10,80,purchase,product,mobile
2025-01-16 07:55:49,44,scroll,home,mobile
2025-01-17 00:08:56,76,click,checkout,desktop
2025-01-15 15:01:43,73,click,search,tablet
2025-01-01 20:23:30,24,view,home,mobile
2025-01-03 10:34:12,45,view,checkout,desktop
2025-01-20 02:06:35,93,view,home,mobile
2025-01-21 00:38:23,65,purchase,home,desktop
2025-01-05 21:15:06,43,click,checkout,tablet
2025-01-26 08:58:51,96,click,product,desktop
2025-01-11 12:26:49,16,purchase,search,tablet
2025-01-16 08:06:10,43,view,search,desktop
2025-01-12 06:23:48,42,view,home,mobile
2025-01-16 05:44:53,41,view,search,desktop
2025-01-14 14:35:24,44,click,search,desktop
2025-01-08 09:52:14,100,scroll,checkout,desktop
2025-01-01 09:11:22,46,scroll,product,mobile
2025-01-13 20:45:41,48,view,checkout,mobile
2025-01-05 18:51:25,5,purchase,checkout,desktop
2025-01-21 07:06:16,51,click,checkout,mobile
2025-01-04 18:55:21,72,purchase,product,tablet
2025-01-19 12:49:33,33,purchase,search,desktop
2025-01-27 08:09:43,75,scroll,search,tablet
2025-01-13 22:09:10,100,scroll,search,mobile
2025-01-15 17:16:12,49,view,checkout,tablet
2025-01-16 17:26:47,66,purchase,product,tablet
2025-01-04 01:48:19,82,view,product,mobile
2025-01-08 06:27:05,74,purchase,checkout,desktop
2025-01-18 06:07:27,3,scroll,checkout,tablet
2025-01-25 21:25:21,24,purchase,home,mobile
2025-01-05 11:49:46,6,view,product,desktop
2025-01-02 17:02:05,96,view,home,tablet
2025-01-01 00:40:20,53,scroll,home,desktop
2025-01-16 12:02:32,80,scroll,home,desktop
2025-01-23 13:44:18,73,purchase,home,desktop
2025-01-15 18:30:27,1,click,home,desktop
2025-01-14 06:03:31,45,scroll,product,desktop
2025-01-26 15:22:04,39,purchase,home,mobile
2025-01-03 02:11:20,38,scroll,checkout,desktop
2025-01-08 19:05:24,87,click,product,mobile
2025-01-17 01:13:27,88,purchase,home,desktop
2025-01-26 05:06:46,22,view,search,tablet
2025-01-25 13:06:59,81,view,search,mobile
2025-01-25 01:06:57,7,view,checkout,desktop
2025-01-26 01:28:01,12,scroll,search,desktop
2025-01-06 20:16:44,88,scroll,checkout,desktop
2025-01-08 00:08:03,99,view,checkout,tablet
2025-01-05 05:31:45,39,purchase,product,desktop
2025-01-03 15:45:56,25,purchase,product,desktop
2025-01-27 04:56:28,90,view,home,desktop
2025-01-18 08:29:28,12,click,search,mobile
2025-01-27 15:43:37,61,scroll,home,mobile
2025-01-02 01:21:19,93,view,home,mobile
2025-01-20 21:46:48,44,view,checkout,tablet
2025-01-09 16:15:55,88,scroll,product,desktop
2025-01-26 10:58:24,98,click,checkout,tablet
2025-01-17 10:45:08,34,purchase,product,tablet
2025-01-18 20:13:08,76,purchase,home,mobile
2025-01-27 00:21:11,32,click,home,desktop
2025-01-01 22:22:01,39,purchase,search,desktop
2025-01-07 06:02:47,34,purchase,search,desktop
2025-01-30 22:25:39,61,click,product,tablet
2025-01-16 03:03:32,44,purchase,checkout,desktop
2025-01-25 19:16:09,99,view,search,desktop
2025-01-04 01:58:10,83,purchase,product,mobile
2025-01-04 09:00:13,44,view,product,mobile
2025-01-04 21:51:55,15,scroll,product,mobile
2025-01-08 06:27:59,23,purchase,checkout,mobile
2025-01-09 04:25:31,85,click,product,desktop
2025-01-21 04:49:23,28,view,checkout,mobile
2025-01-12 06:54:42,1,purchase,checkout,mobile
2025-01-25 20:12:34,82,view,home,desktop
2025-01-18 17:49:56,45,click,product,tablet
2025-01-17 10:16:43,4,view,home,desktop
2025-01-09 13:00:40,79,purchase,product,desktop
2025-01-17 13:19:50,82,click,search,mobile
2025-01-14 13:49:54,7,click,search,mobile
2025-01-22 21:23:10,75,purchase,search,desktop
2025-01-23 03:06:05,91,view,checkout,mobile
2025-01-20 19:01:56,65,scroll,home,tablet
2025-01-11 01:40:52,26,purchase,product,desktop
2025-01-30 05:52:42,24,view,product,desktop
2025-01-27 19:01:45,36,click,search,mobile
2025-01-29 23:56:27,56,purchase,product,desktop
2025-01-29 00:37:58,2,view,home,mobile
2025-01-23 04:30:18,22,scroll,product,mobile
2025-01-04 11:50:04,78,click,product,desktop
2025-01-01 13:34:02,39,view,home,desktop
2025-01-23 14:45:53,32,click,checkout,desktop
2025-01-09 12:12:24,27,view,home,tablet
2025-01-03 13:04:09,100,scroll,checkout,mobile
2025-01-23 18:41:49,78,purchase,home,desktop
2025-01-07 19:45:32,14,scroll,home,tablet
2025-01-18 01:48:16,78,view,search,desktop
2025-01-03 21:25:11,49,click,search,desktop
2025-01-30 08:43:53,87,click,search,desktop
2025-01-21 14:01:32,77,purchase,home,desktop
2025-01-22 05:04:44,21,purchase,search,desktop
2025-01-18 05:33:00,52,click,home,mobile
2025-01-12 04:44:21,64,click,search,desktop
2025-01-05 08:55:32,58,view,search,tablet
2025-01-04 11:42:57,55,click,product,tablet
2025-01-20 04:08:02,10,view,checkout,mobile
2025-01-11 12:22:30,66,view,home,tablet
2025-01-18 22:58:35,81,scroll,search,tablet
2025-01-01 05:39:49,72,purchase,search,desktop
2025-01-11 14:18:23,52,click,checkout,tablet
2025-01-23 10:42:40,48,purchase,product,desktop
2025-01-12 07:58:48,87,purchase,search,tablet
2025-01-05 04:10:04,98,purchase,search,desktop
2025-01-23 15:09:48,80,click,product,tablet
2025-01-02 13:59:32,70,view,product,tablet
2025-01-01 11:14:02,28,purchase,search,desktop
2025-01-20 00:58:32,89,view,search,tablet
2025-01-05 08:59:04,8,scroll,product,desktop
2025-01-03 01:30:28,100,scroll,search,tablet
2025-01-04 22:15:54,97,purchase,search,mobile
2025-01-04 02:32:09,33,click,product,mobile
2025-01-11 16:26:20,46,view,home,tablet
2025-01-12 00:58:24,67,click,home,desktop
2025-01-16 10:39:19,15,click,product,mobile
2025-01-19 18:32:53,66,scroll,checkout,desktop
2025-01-01 05:41:32,59,click,home,mobile
2025-01-21 02:21:36,16,view,home,mobile
2025-01-21 23:16:46,55,click,product,mobile
2025-01-26 07:15:51,75,view,search,tablet
2025-01-07 03:11:05,14,scroll,product,desktop
2025-01-27 12:13:35,95,purchase,search,tablet
2025-01-10 07:30:21,82,click,search,tablet
2025-01-13 09:39:09,48,scroll,product,desktop
2025-01-01 11:10:58,48,scroll,checkout,mobile
2025-01-01 17:03:02,42,purchase,checkout,desktop
2025-01-22 06:13:00,10,view,home,tablet
2025-01-06 08:15:55,95,purchase,home,mobile
2025-01-25 16:50:31,87,click,search,mobile
2025-01-20 06:06:44,76,click,checkout,mobile
2025-01-25 16:21:56,4,view,product,desktop
2025-01-16 10:44:30,50,purchase,home,desktop
2025-01-06 01:28:15,55,view,search,mobile
2025-01-22 15:22:07,72,view,checkout,desktop
2025-01-28 13:06:18,12,purchase,checkout,mobile
2025-01-21 07:04:04,95,purchase,search,desktop
2025-01-09 01:42:31,42,click,checkout,desktop
2025-01-02 20:47:58,1,scroll,home,mobile
2025-01-01 12:05:18,73,click,product,tablet
2025-01-25 15:13:13,9,purchase,search,mobile
2025-01-22 01:54:04,95,scroll,product,desktop
2025-01-20 06:44:24,81,scroll,product,desktop
2025-01-08 05:04:16,79,purchase,search,tablet
2025-01-18 21:21:10,77,scroll,checkout,tablet
2025-01-01 05:11:36,76,click,checkout,tablet
2025-01-20 10:32:06,99,click,search,tablet
2025-01-28 09:56:03,23,view,checkout,tablet
2025-01-06 13:05:39,19,purchase,search,tablet
2025-01-22 20:21:38,73,view,checkout,mobile
2025-01-14 17:25:15,56,purchase,home,mobile
2025-01-17 01:46:59,35,purchase,checkout,desktop
2025-01-25 10:00:45,15,scroll,home,desktop
2025-01-22 17:08:53,29,scroll,search,desktop
2025-01-03 21:50:46,94,click,product,tablet
2025-01-16 03:01:01,9,click,checkout,mobile
2025-01-19 06:51:08,38,purchase,checkout,desktop
2025-01-28 07:19:21,85,click,checkout,desktop
2025-01-21 13:46:41,19,purchase,search,tablet
2025-01-18 09:38:39,8,scroll,product,tablet
2025-01-02 23:56:10,58,view,search,tablet
2025-01-09 03:07:10,48,click,product,desktop
2025-01-17 09:36:47,48,view,search,desktop
2025-01-23 03:20:58,60,click,home,tablet
2025-01-22 06:58:35,73,click,product,desktop
2025-01-21 03:07:51,98,view,checkout,desktop
2025-01-18 12:12:08,90,scroll,checkout,tablet
2025-01-14 09:59:02,4,click,product,mobile
2025-01-05 03:43:07,57,view,product,mobile
2025-01-27 04:24:03,90,click,product,tablet
2025-01-14 19:19:28,23,view,home,desktop
2025-01-18 02:36:05,28,click,search,mobile
2025-01-30 12:40:18,17,purchase,checkout,mobile
2025-01-19 20:08:14,56,click,product,tablet
2025-01-05 06:19:04,87,click,product,desktop
2025-01-21 16:25:06,58,scroll,checkout,desktop
2025-01-10 19:49:57,100,purchase,product,tablet
2025-01-20 08:37:33,92,click,product,tablet
2025-01-29 15:00:58,79,view,checkout,mobile
2025-01-18 11:17:49,75,purchase,home,tablet
2025-01-14 18:22:36,67,purchase,home,desktop
2025-01-21 20:12:55,19,view,product,tablet
2025-01-30 14:24:31,85,purchase,checkout,tablet
2025-01-25 10:39:35,63,view,search,desktop
2025-01-24 00:35:23,11,scroll,checkout,desktop
2025-01-20 05:06:05,63,scroll,search,tablet
2025-01-10 11:21:12,97,scroll,checkout,tablet
2025-01-22 18:54:48,15,scroll,checkout,tablet
2025-01-21 16:02:34,91,view,checkout,desktop
2025-01-22 11:55:13,39,view,home,desktop
2025-01-25 23:24:17,30,click,search,desktop
2025-01-30 08:41:42,98,view,product,desktop
2025-01-24 14:44:34,69,click,product,desktop
2025-01-04 00:16:16,44,purchase,home,mobile
2025-01-09 23:20:25,37,view,home,mobile
2025-01-20 12:34:32,64,scroll,search,tablet
2025-01-10 00:28:06,3,view,checkout,tablet
2025-01-05 22:48:22,25,view,product,mobile
2025-01-15 23:15:41,76,purchase,search,tablet
2025-01-13 15:43:25,43,purchase,checkout,desktop
2025-01-02 04:18:15,96,scroll,checkout,tablet
2025-01-03 20:20:28,10,view,home,mobile
2025-01-06 13:10:50,62,view,product,mobile
2025-01-20 06:51:50,81,purchase,search,desktop
2025-01-23 18:52:07,45,purchase,home,mobile
2025-01-30 08:52:34,16,click,checkout,tablet
2025-01-03 21:43:49,15,scroll,product,mobile
2025-01-10 03:46:24,84,scroll,product,tablet
2025-01-30 12:55:32,11,view,product,desktop
2025-01-15 22:24:59,72,purchase,product,mobile
2025-01-02 22:16:38,53,view,checkout,desktop
2025-01-28 14:22:52,42,purchase,search,mobile
2025-01-19 19:59:45,8,purchase,product,tablet
2025-01-26 11:22:10,72,purchase,search,mobile
2025-01-27 06:49:11,24,click,home,mobile
2025-01-11 02:18:51,21,scroll,product,mobile
2025-01-25 08:31:56,87,view,checkout,mobile
2025-01-07 15:26:56,89,purchase,search,desktop
2025-01-25 19:15:41,31,scroll,home,tablet
2025-01-04 08:29:02,37,click,home,tablet
2025-01-30 13:32:19,98,purchase,home,tablet
2025-01-02 03:29:28,86,click,product,mobile
2025-01-10 04:48:20,13,purchase,checkout,desktop
2025-01-29 20:52:00,78,scroll,home,tablet
2025-01-13 21:10:23,44,click,checkout,mobile
2025-01-02 21:18:29,95,click,search,mobile
2025-01-30 23:20:47,97,click,search,mobile
2025-01-12 14:22:36,23,scroll,home,tablet
2025-01-16 19:22:24,90,view,search,mobile
2025-01-24 20:15:31,84,view,home,tablet
2025-01-01 09:34:35,52,scroll,product,tablet
2025-01-14 22:06:54,26,scroll,checkout,tablet
2025-01-22 16:10:49,56,scroll,home,tablet
2025-01-12 12:29:50,52,scroll,checkout,desktop
2025-01-22 10:04:10,99,view,product,tablet
2025-01-20 03:00:28,72,scroll,home,mobile
2025-01-18 00:52:47,71,scroll,search,tablet
2025-01-25 16:42:15,30,click,search,mobile
2025-01-10 14:20:22,46,scroll,checkout,desktop
2025-01-09 05:52:14,83,click,home,tablet
2025-01-02 22:39:22,38,scroll,search,tablet
2025-01-01 07:21:56,44,click,search,desktop
2025-01-10 06:48:14,56,purchase,search,tablet
2025-01-04 07:43:37,18,click,search,desktop
2025-01-24 09:37:27,53,click,product,mobile
2025-01-26 08:05:52,69,view,search,desktop
2025-01-22 22:26:15,11,scroll,home,tablet
2025-01-04 14:48:54,70,scroll,checkout,mobile
2025-01-29 07:40:42,89,scroll,product,mobile
2025-01-13 07:32:56,5,purchase,product,mobile
2025-01-04 08:54:27,2,scroll,product,tablet
2025-01-24 21:01:32,36,click,search,mobile
2025-01-28 15:07:10,1,click,search,desktop
2025-01-03 14:09:33,39,click,home,tablet
2025-01-03 04:56:44,22,view,product,mobile
2025-01-20 16:58:18,53,click,search,tablet
2025-01-11 21:42:08,38,purchase,checkout,desktop
2025-01-04 03:50:22,100,purchase,search,desktop
2025-01-03 11:10:11,10,click,checkout,desktop
2025-01-27 20:59:24,2,view,product,tablet
2025-01-30 05:40:56,9,purchase,search,desktop
2025-01-18 13:28:00,49,scroll,home,mobile
2025-01-22 19:08:45,85,click,search,desktop
2025-01-04 11:40:15,16,click,checkout,desktop
2025-01-23 01:51:49,83,click,product,desktop
2025-01-24 02:59:08,95,click,search,desktop
2025-01-13 09:58:23,80,click,product,desktop
2025-01-23 02:41:18,58,click,checkout,tablet
2025-01-27 03:24:55,21,view,product,desktop
2025-01-23 17:48:40,72,view,home,tablet
2025-01-05 13:25:55,30,scroll,home,mobile
2025-01-08 21:19:41,74,purchase,search,tablet
2025-01-23 00:17:53,81,click,checkout,desktop
2025-01-11 12:01:53,73,view,product,mobile
2025-01-04 19:30:30,70,purchase,home,desktop
2025-01-16 19:10:55,31,scroll,checkout,desktop
2025-01-08 07:33:15,79,click,product,mobile
2025-01-06 12:02:04,77,purchase,product,tablet
2025-01-19 16:14:47,12,scroll,checkout,mobile
2025-01-27 16:54:03,51,purchase,home,tablet
2025-01-10 16:49:25,96,click,checkout,mobile
2025-01-21 22:04:31,9,click,checkout,desktop
2025-01-19 05:16:37,20,click,checkout,desktop
2025-01-21 19:55:46,31,scroll,search,mobile
2025-01-09 09:29:50,58,purchase,checkout,tablet
2025-01-08 04:29:22,36,view,search,desktop
2025-01-15 00:12:18,84,scroll,home,mobile
2025-01-17 08:22:35,90,view,product,tablet
2025-01-24 23:41:10,79,scroll,search,tablet
2025-01-28 22:41:07,61,purchase,home,tablet
2025-01-16 10:42:37,69,scroll,search,tablet
2025-01-22 00:17:01,42,scroll,search,mobile
2025-01-06 20:02:33,46,click,product,tablet
2025-01-28 18:32:58,73,click,product,tablet
2025-01-08 19:08:44,44,view,search,desktop
2025-01-10 04:33:46,72,purchase,search,desktop
2025-01-14 23:10:15,79,scroll,product,desktop
2025-01-14 10:14:57,19,scroll,checkout,desktop
2025-01-06 11:28:45,26,view,checkout,tablet
2025-01-16 00:00:16,9,scroll,checkout,tablet
2025-01-09 15:11:31,1,scroll,product,tablet
2025-01-27 09:07:34,83,scroll,search,desktop
2025-01-20 22:22:45,76,view,home,desktop
2025-01-04 22:18:12,77,view,search,tablet
2025-01-01 14:29:58,40,view,checkout,tablet
2025-01-22 17:40:55,62,purchase,search,mobile
2025-01-23 13:41:13,94,scroll,search,mobile
2025-01-24 10:14:27,61,scroll,checkout,mobile
2025-01-18 11:16:46,56,purchase,search,tablet
2025-01-22 08:28:12,14,click,checkout,mobile
2025-01-15 18:51:09,77,scroll,search,tablet
2025-01-30 16:59:17,30,purchase,checkout,tablet
2025-01-05 13:26:06,39,view,product,mobile
2025-01-22 02:22:58,18,scroll,checkout,mobile
2025-01-20 05:52:55,98,click,home,tablet
2025-01-29 13:45:43,27,click,search,desktop
2025-01-28 08:56:12,99,click,checkout,mobile
2025-01-18 12:28:28,17,purchase,home,tablet
2025-01-20 15:39:42,39,view,checkout,tablet
2025-01-02 21:02:28,82,purchase,checkout,desktop
2025-01-10 13:23:19,5,purchase,product,tablet
2025-01-06 11:11:43,54,purchase,home,desktop
2025-01-17 10:24:23,2,view,search,tablet
2025-01-23 07:50:31,86,view,product,desktop
2025-01-15 23:03:07,12,view,search,desktop
2025-01-16 17:00:21,24,view,product,desktop
2025-01-28 11:48:09,82,purchase,checkout,tablet
2025-01-15 12:10:06,89,scroll,home,desktop
2025-01-14 10:00:48,10,scroll,product,mobile
2025-01-05 19:41:20,76,scroll,product,mobile
2025-01-10 16:00:59,51,purchase,checkout,desktop
2025-01-13 04:06:00,56,scroll,checkout,mobile
2025-01-17 15:05:24,19,view,home,desktop
2025-01-01 06:10:02,90,purchase,checkout,tablet
2025-01-08 23:38:20,13,scroll,checkout,mobile
2025-01-08 17:32:41,54,scroll,checkout,mobile
2025-01-29 02:59:50,33,view,checkout,tablet
2025-01-16 12:51:01,77,purchase,search,desktop
2025-01-27 10:00:03,37,purchase,checkout,desktop
2025-01-11 22:09:01,71,purchase,search,tablet
2025-01-03 00:41:54,96,purchase,checkout,mobile
2025-01-27 20:31:57,37,scroll,home,desktop
2025-01-25 10:22:01,35,view,checkout,tablet
2025-01-29 20:39:23,10,click,checkout,desktop
2025-01-21 04:01:45,98,click,checkout,desktop
2025-01-06 12:19:59,73,click,checkout,tablet
2025-01-15 12:42:45,81,scroll,home,desktop
2025-01-19 16:48:02,39,view,search,mobile
2025-01-19 01:39:04,54,click,search,tablet
2025-01-27 16:37:20,18,view,checkout,desktop
2025-01-14 10:39:21,13,view,checkout,desktop
2025-01-01 21:58:25,74,purchase,checkout,mobile
2025-01-01 21:17:04,56,purchase,home,desktop
2025-01-06 14:52:14,94,click,search,tablet
2025-01-29 08:37:08,64,view,checkout,tablet
2025-01-10 15:32:15,77,scroll,checkout,mobile
2025-01-04 13:08:34,56,click,search,mobile
2025-01-03 17:52:11,97,click,search,mobile
2025-01-16 15:18:38,3,view,search,mobile
2025-01-11 11:55:28,61,scroll,search,tablet
2025-01-08 15:49:09,87,scroll,checkout,desktop
2025-01-10 08:58:30,2,click,home,mobile
2025-01-15 21:45:17,11,purchase,product,tablet
2025-01-25 20:25:59,18,click,search,tablet
2025-01-06 03:55:58,93,view,search,desktop
2025-01-24 07:13:56,61,view,product,tablet
2025-01-15 20:30:58,53,scroll,home,desktop
2025-01-12 05:51:31,78,click,product,mobile
2025-01-10 06:16:21,90,click,search,desktop
2025-01-05 15:22:07,38,scroll,checkout,tablet
2025-01-29 21:01:43,70,purchase,home,desktop
2025-01-29 07:33:38,55,click,search,mobile
2025-01-02 12:48:16,74,scroll,search,mobile
2025-01-16 13:01:10,40,scroll,home,tablet
2025-01-15 00:03:46,90,click,product,mobile
2025-01-29 07:54:45,54,click,checkout,mobile
2025-01-05 13:16:25,92,click,search,desktop
2025-01-04 18:28:36,46,click,product,tablet
2025-01-21 23:06:02,83,view,search,desktop
2025-01-20 12:06:16,82,purchase,product,desktop
2025-01-21 01:13:00,36,purchase,product,mobile
2025-01-18 06:50:57,46,click,checkout,desktop
2025-01-20 01:46:59,8,purchase,search,tablet
2025-01-05 20:59:19,15,scroll,search,tablet
2025-01-03 05:11:44,44,view,product,mobile
2025-01-12 05:28:50,66,click,checkout,tablet
2025-01-14 02:34:07,11,click,checkout,tablet
2025-01-01 07:09:36,22,scroll,checkout,mobile
2025-01-25 21:15:15,75,purchase,product,tablet
2025-01-21 07:42:02,82,purchase,product,tablet
2025-01-03 18:25:11,9,scroll,product,tablet
2025-01-02 11:14:35,64,click,search,tablet
2025-01-05 13:40:42,70,view,checkout,desktop
2025-01-28 19:27:03,69,click,search,desktop
2025-01-07 13:02:09,41,purchase,home,desktop
2025-01-22 01:48:12,11,purchase,home,tablet
2025-01-17 21:29:13,74,click,checkout,mobile
2025-01-16 16:11:35,4,purchase,search,tablet
2025-01-21 15:39:30,83,click,search,tablet
2025-01-29 21:18:12,75,view,product,desktop
2025-01-23 21:25:16,87,scroll,checkout,desktop
2025-01-08 13:22:07,53,click,checkout,mobile
2025-01-29 22:13:30,18,purchase,home,mobile
2025-01-14 21:05:43,71,scroll,home,desktop
2025-01-01 02:55:28,47,purchase,checkout,desktop
2025-01-30 03:54:36,24,purchase,home,tablet
2025-01-18 08:08:21,65,click,search,mobile
2025-01-23 22:50:52,65,view,search,tablet
2025-01-12 12:23:37,100,purchase,home,tablet
2025-01-24 20:17:10,80,scroll,home,desktop
2025-01-27 09:06:38,31,click,product,mobile
2025-01-01 03:28:58,30,view,checkout,desktop
2025-01-01 21:34:36,80,purchase,checkout,tablet
2025-01-13 18:32:12,22,view,search,tablet
2025-01-13 19:24:22,88,click,search,mobile
2025-01-02 22:42:54,53,scroll,checkout,tablet
2025-01-18 15:30:13,54,purchase,search,mobile
2025-01-11 14:54:14,97,click,checkout,mobile
2025-01-22 20:05:47,90,scroll,home,desktop
2025-01-11 22:51:30,73,click,checkout,tablet
2025-01-03 19:00:25,25,click,product,desktop
2025-01-18 20:27:01,72,scroll,search,mobile
2025-01-19 14:30:11,91,purchase,search,desktop
2025-01-09 12:36:52,6,click,home,desktop
2025-01-28 11:18:01,46,view,home,mobile
2025-01-24 00:43:01,3,view,search,desktop
2025-01-09 13:23:24,19,click,home,tablet
2025-01-03 23:05:38,98,click,home,desktop
2025-01-29 15:21:21,6,click,checkout,tablet
2025-01-05 22:33:01,31,click,product,mobile
2025-01-27 20:50:36,22,scroll,search,desktop
2025-01-30 04:45:48,70,view,home,tablet
2025-01-02 12:21:37,89,view,checkout,desktop
2025-01-18 12:55:38,50,view,home,desktop
2025-01-30 00:45:57,38,view,checkout,mobile
2025-01-26 15:47:52,5,purchase,search,tablet
2025-01-27 04:02:02,11,view,product,tablet
2025-01-17 00:42:23,80,click,product,desktop
2025-01-01 02:22:45,75,view,checkout,tablet
2025-01-28 08:54:28,6,purchase,checkout,tablet
2025-01-21 22:51:28,10,purchase,checkout,tablet
2025-01-06 14:34:26,48,view,product,tablet
2025-01-15 22:14:51,39,click,checkout,mobile
2025-01-28 03:37:41,31,click,product,desktop
2025-01-15 02:39:11,64,scroll,checkout,mobile
2025-01-17 23:23:16,18,view,search,tablet
2025-01-26 06:42:50,23,purchase,product,desktop
2025-01-24 01:07:48,52,purchase,home,mobile
2025-01-13 09:51:54,66,purchase,product,desktop
2025-01-11 07:38:49,17,purchase,checkout,mobile
2025-01-20 18:39:17,29,view,home,mobile
2025-01-14 04:19:56,12,click,product,desktop
2025-01-12 07:10:36,51,scroll,search,desktop
2025-01-22 20:12:02,76,scroll,product,desktop
2025-01-22 10:03:28,19,purchase,product,mobile
2025-01-10 00:36:09,61,click,home,desktop
2025-01-28 17:35:41,71,purchase,search,tablet
2025-01-09 02:58:05,50,view,product,tablet
2025-01-04 02:12:46,12,view,checkout,desktop
2025-01-27 01:08:19,36,purchase,search,desktop
2025-01-19 11:46:28,25,scroll,home,desktop
2025-01-14 21:58:22,5,view,product,mobile
2025-01-08 18:15:49,83,scroll,home,tablet
2025-01-26 12:25:38,78,click,search,desktop
2025-01-23 13:20:49,24,view,home,desktop
2025-01-30 17:15:19,76,view,search,desktop
2025-01-25 14:14:32,98,click,search,desktop
2025-01-27 00:59:59,29,click,product,tablet
2025-01-29 15:26:31,34,view,checkout,tablet
2025-01-28 07:52:50,43,click,checkout,mobile
2025-01-19 15:52:37,44,purchase,search,mobile
2025-01-28 10:55:33,98,scroll,checkout,tablet
2025-01-08 03:55:40,88,purchase,product,tablet
2025-01-27 12:50:41,61,purchase,search,desktop
2025-01-07 12:02:37,75,scroll,search,tablet
2025-01-09 10:16:29,38,scroll,search,desktop
2025-01-01 22:47:11,15,scroll,home,tablet
2025-01-19 07:23:28,64,scroll,product,tablet
2025-01-23 18:07:43,41,view,checkout,tablet
2025-01-01 00:38:40,74,click,product,desktop
2025-01-05 01:34:20,91,click,search,desktop
2025-01-12 05:55:06,50,scroll,home,tablet
2025-01-03 01:47:54,9,view,product,mobile
2025-01-20 21:00:55,69,purchase,product,mobile
2025-01-19 17:23:16,83,view,product,desktop
2025-01-18 02:31:06,34,click,checkout,tablet
2025-01-08 17:55:09,49,purchase,checkout,mobile
2025-01-12 22:50:53,26,click,product,mobile
2025-01-12 04:05:05,23,click,search,tablet
2025-01-05 09:55:56,8,purchase,home,mobile
2025-01-06 18:29:01,38,scroll,home,mobile
2025-01-05 17:53:14,51,click,search,tablet
2025-01-05 19:49:44,4,scroll,search,desktop
2025-01-05 04:27:21,90,scroll,home,tablet
2025-01-03 16:04:02,2,view,product,mobile
2025-01-07 04:28:07,12,view,checkout,tablet
2025-01-04 00:47:51,46,click,search,mobile
2025-01-27 12:26:52,21,click,checkout,mobile
2025-01-15 08:14:14,100,click,home,tablet
2025-01-07 21:59:26,62,click,checkout,mobile
2025-01-05 12:51:32,57,purchase,product,mobile
2025-01-21 20:42:31,21,click,product,mobile
2025-01-30 20:25:56,49,click,home,tablet
2025-01-27 09:33:48,24,view,checkout,tablet
2025-01-30 04:58:18,25,click,product,mobile
2025-01-03 12:34:58,10,view,home,mobile
2025-01-28 12:28:38,99,scroll,search,mobile
2025-01-30 17:58:06,29,view,checkout,desktop
2025-01-11 20:54:39,84,view,checkout,tablet
2025-01-17 07:11:04,56,purchase,checkout,desktop
2025-01-11 10:27:18,89,view,search,desktop
2025-01-29 00:34:56,64,click,product,tablet
2025-01-18 04:27:24,73,purchase,product,mobile
2025-01-19 02:16:02,34,scroll,checkout,mobile
2025-01-28 08:27:28,60,scroll,home,tablet
2025-01-12 04:59:55,90,scroll,search,mobile
2025-01-27 23:08:54,42,scroll,search,mobile
2025-01-27 10:22:04,54,purchase,search,tablet
2025-01-02 01:53:10,25,purchase,search,mobile
2025-01-14 10:23:03,57,click,product,tablet
2025-01-24 00:08:49,71,view,home,desktop
2025-01-05 15:59:25,83,scroll,search,desktop
2025-01-17 03:17:22,79,view,home,desktop
2025-01-01 08:52:49,86,purchase,home,mobile
2025-01-11 15:30:21,46,purchase,search,tablet
2025-01-01 03:11:09,76,scroll,checkout,tablet
2025-01-28 12:00:12,37,purchase,checkout,desktop
2025-01-11 11:16:37,47,scroll,search,tablet
2025-01-25 13:02:42,86,click,checkout,desktop
2025-01-02 11:50:02,22,view,checkout,desktop
2025-01-09 00:15:45,24,click,home,desktop
2025-01-19 16:41:54,7,scroll,search,desktop
2025-01-13 01:47:05,66,click,checkout,desktop
2025-01-30 05:16:23,45,click,product,desktop
2025-01-05 09:21:21,77,purchase,home,desktop
2025-01-23 21:03:55,53,view,home,tablet
2025-01-30 00:31:27,1,view,checkout,mobile
2025-01-16 06:41:12,43,click,checkout,mobile
2025-01-27 16:56:01,37,view,home,desktop
2025-01-29 18:22:22,18,scroll,home,desktop
2025-01-03 11:37:11,6,click,home,mobile
2025-01-09 05:03:13,44,view,home,mobile
2025-01-24 01:00:18,33,view,checkout,tablet
2025-01-02 22:54:35,10,scroll,product,mobile
2025-01-22 00:48:36,69,purchase,product,mobile
2025-01-30 11:22:53,66,click,checkout,desktop
2025-01-04 19:24:13,20,purchase,checkout,mobile
2025-01-09 00:45:57,56,view,checkout,desktop
2025-01-20 05:47:26,17,purchase,search,desktop
2025-01-18 18:21:51,52,scroll,home,tablet
2025-01-28 22:54:35,16,view,product,desktop
2025-01-16 07:36:51,32,view,home,mobile
2025-01-07 15:58:46,46,scroll,home,mobile
2025-01-05 00:39:48,52,scroll,search,tablet
2025-01-20 14:40:48,33,view,product,tablet
2025-01-02 23:52:07,34,click,product,tablet
2025-01-29 18:48:19,50,click,search,tablet
2025-01-26 18:20:38,51,purchase,home,tablet
2025-01-26 04:01:35,69,view,checkout,desktop
2025-01-24 05:53:42,61,purchase,product,tablet
2025-01-07 00:21:27,43,click,home,desktop
2025-01-08 04:56:16,91,view,search,tablet
2025-01-05 00:35:27,45,click,search,desktop
2025-01-27 21:59:32,12,click,product,desktop
2025-01-06 10:55:08,100,view,checkout,tablet
2025-01-14 07:33:01,21,scroll,checkout,tablet
2025-01-30 05:03:14,75,click,search,desktop
2025-01-29 06:57:22,26,click,home,mobile
2025-01-24 02:14:43,93,purchase,home,desktop
2025-01-08 07:39:25,61,scroll,checkout,mobile
2025-01-16 10:17:35,70,purchase,search,mobile
2025-01-22 15:53:55,100,scroll,home,mobile
2025-01-10 23:14:31,64,scroll,product,mobile
2025-01-19 19:23:14,94,purchase,checkout,tablet
2025-01-30 19:58:44,73,click,checkout,tablet
2025-01-22 20:01:57,7,click,search,mobile
2025-01-28 07:40:44,74,purchase,home,mobile
2025-01-22 03:04:23,51,click,checkout,mobile
2025-01-02 10:36:30,29,scroll,home,desktop
2025-01-15 03:41:00,74,purchase,search,desktop
2025-01-10 04:06:28,31,click,home,desktop
2025-01-13 19:00:29,98,purchase,checkout,tablet
2025-01-15 23:09:58,25,scroll,product,desktop
2025-01-01 23:47:49,75,view,product,tablet
2025-01-16 20:34:52,25,view,checkout,tablet
2025-01-04 11:15:07,87,purchase,search,mobile
2025-01-13 16:14:04,91,click,checkout,mobile
2025-01-27 04:49:48,98,click,product,tablet
2025-01-19 09:18:20,26,purchase,home,mobile
2025-01-21 14:14:58,87,purchase,checkout,tablet
2025-01-11 01:46:45,72,view,search,desktop
2025-01-30 19:44:45,67,purchase,checkout,mobile
2025-01-06 01:40:05,29,view,checkout,tablet
2025-01-04 09:48:21,15,click,search,mobile
2025-01-17 07:08:28,14,purchase,product,mobile
2025-01-22 22:24:09,15,scroll,checkout,mobile
2025-01-28 18:59:44,8,view,checkout,desktop
2025-01-08 06:29:50,61,view,home,tablet
2025-01-24 21:31:39,98,purchase,checkout,tablet
2025-01-18 08:55:28,13,scroll,checkout,tablet
2025-01-05 06:29:13,89,view,home,mobile
2025-01-29 00:07:36,57,view,checkout,desktop
2025-01-24 11:56:59,22,click,home,desktop
2025-01-27 20:14:16,92,purchase,home,mobile
2025-01-22 02:44:15,72,purchase,product,desktop
2025-01-03 22:00:37,42,scroll,product,mobile
2025-01-21 18:13:22,62,click,search,tablet
2025-01-26 21:18:17,14,click,home,desktop
2025-01-13 12:28:20,25,purchase,checkout,tablet
2025-01-05 05:02:53,91,view,product,tablet
2025-01-09 14:34:43,35,purchase,checkout,mobile
2025-01-24 02:44:45,2,click,home,mobile
2025-01-08 21:18:17,63,click,home,desktop
2025-01-12 15:58:50,70,click,product,mobile
2025-01-04 04:54:01,82,purchase,product,mobile
2025-01-13 04:24:00,71,purchase,checkout,tablet
2025-01-18 18:37:37,17,scroll,product,mobile
2025-01-06 22:24:56,3,click,home,desktop
2025-01-15 05:01:14,42,click,checkout,desktop
2025-01-19 09:06:20,56,click,checkout,mobile
2025-01-03 07:47:43,4,click,search,desktop
2025-01-30 07:09:00,8,view,search,tablet
2025-01-16 05:29:49,65,purchase,product,tablet
2025-01-12 05:18:22,22,scroll,checkout,tablet
2025-01-02 10:16:55,43,purchase,home,mobile
2025-01-10 23:06:06,77,view,checkout,tablet
2025-01-14 02:35:18,92,scroll,home,tablet
2025-01-03 04:39:27,97,click,product,tablet
2025-01-13 21:21:34,52,view,product,desktop
2025-01-17 22:03:05,51,view,product,mobile
2025-01-20 15:23:04,74,scroll,product,mobile
2025-01-18 00:31:46,2,click,home,desktop
2025-01-28 22:48:19,44,scroll,checkout,mobile
2025-01-29 09:24:49,47,click,search,tablet
2025-01-16 11:39:44,72,view,search,mobile
2025-01-27 17:59:10,30,click,product,mobile
2025-01-06 17:12:38,25,click,search,desktop
2025-01-16 07:31:14,82,scroll,product,mobile
2025-01-29 21:14:26,89,purchase,search,desktop
2025-01-19 00:10:56,49,view,product,desktop
2025-01-09 21:47:41,86,view,checkout,desktop
2025-01-07 17:10:56,46,view,checkout,desktop
2025-01-07 17:08:12,32,purchase,home,desktop
2025-01-04 04:14:04,18,scroll,search,desktop
2025-01-08 11:47:40,30,purchase,product,desktop
2025-01-26 06:39:05,28,view,home,tablet
2025-01-11 15:37:28,75,view,product,tablet
2025-01-17 14:55:10,10,purchase,product,desktop
2025-01-21 22:44:32,53,scroll,product,desktop
2025-01-08 23:05:30,50,purchase,product,desktop
2025-01-28 03:37:42,96,purchase,checkout,tablet
2025-01-22 00:46:20,42,purchase,checkout,desktop
2025-01-20 17:48:51,58,purchase,checkout,mobile
2025-01-29 20:14:10,7,click,home,desktop
2025-01-01 08:42:56,94,view,checkout,tablet
2025-01-06 18:11:50,55,click,product,mobile
2025-01-24 21:59:49,49,scroll,search,tablet
2025-01-21 05:50:00,83,view,checkout,desktop
2025-01-15 16:44:21,23,scroll,product,tablet
2025-01-11 21:08:24,13,view,search,tablet
2025-01-10 09:01:40,58,purchase,product,desktop
2025-01-04 01:30:56,5,click,home,tablet
2025-01-08 16:17:34,1,view,home,mobile
2025-01-07 15:52:40,83,scroll,product,mobile
2025-01-04 05:29:47,31,view,product,desktop
2025-01-16 02:39:07,46,scroll,product,desktop
2025-01-12 08:10:58,75,purchase,checkout,tablet
2025-01-29 13:05:24,52,scroll,home,mobile
2025-01-24 02:42:44,68,view,checkout,tablet
2025-01-23 03:48:20,83,purchase,product,tablet
2025-01-09 18:27:35,81,click,product,desktop
2025-01-11 02:56:09,18,click,checkout,tablet
2025-01-26 11:25:23,100,click,home,tablet
2025-01-05 17:50:53,49,scroll,checkout,tablet
2025-01-21 04:54:35,84,click,product,tablet
2025-01-05 11:36:29,58,click,product,tablet
2025-01-15 12:53:17,61,click,product,tablet
2025-01-27 00:14:11,98,click,search,mobile
2025-01-20 01:28:08,68,click,home,tablet
2025-01-24 07:27:19,53,click,product,tablet
2025-01-23 18:59:32,36,scroll,search,mobile
2025-01-01 04:16:26,83,view,search,tablet
2025-01-01 15:45:59,62,click,product,tablet
2025-01-21 22:05:51,96,scroll,home,desktop
2025-01-25 14:16:56,61,view,product,desktop
2025-01-27 23:02:59,38,scroll,product,tablet
2025-01-07 09:27:18,84,scroll,checkout,desktop
2025-01-26 19:47:22,92,view,search,tablet
2025-01-27 21:56:26,91,view,search,tablet
2025-01-10 02:23:47,57,click,product,tablet
2025-01-03 18:46:15,11,view,product,tablet
2025-01-12 21:54:13,28,click,product,tablet
2025-01-23 11:19:18,62,click,search,tablet
2025-01-26 19:30:54,2,purchase,product,tablet
2025-01-16 19:18:17,38,click,product,mobile
2025-01-16 01:58:14,75,view,search,mobile
2025-01-23 03:42:40,41,purchase,home,tablet
2025-01-30 08:44:48,8,purchase,checkout,mobile
2025-01-29 17:51:53,2,click,home,tablet
2025-01-15 14:29:14,32,purchase,home,tablet
2025-01-16 23:33:00,28,scroll,checkout,mobile
2025-01-27 19:57:20,93,view,search,desktop
2025-01-03 06:00:39,3,purchase,home,mobile
2025-01-01 08:28:31,68,click,search,mobile
2025-01-25 00:39:51,26,click,home,mobile
2025-01-26 06:03:38,79,view,product,tablet
2025-01-03 11:23:54,95,click,home,mobile
2025-01-26 06:13:59,83,scroll,checkout,mobile
2025-01-30 22:43:01,29,click,checkout,desktop
2025-01-13 19:40:33,81,purchase,product,tablet
2025-01-02 00:13:39,42,purchase,search,mobile
2025-01-10 12:53:46,95,view,home,mobile
2025-01-14 22:30:11,78,purchase,checkout,tablet
2025-01-23 23:49:57,4,scroll,product,tablet
2025-01-09 16:56:01,78,scroll,checkout,desktop
2025-01-14 10:30:00,2,view,product,mobile
2025-01-28 05:49:56,60,purchase,home,tablet
2025-01-16 10:47:00,29,purchase,product,tablet
2025-01-27 03:18:31,79,click,product,mobile
2025-01-12 05:06:02,16,scroll,home,tablet
2025-01-21 07:59:27,64,click,search,mobile
2025-01-06 16:18:04,91,purchase,search,desktop
2025-01-09 15:16:50,8,scroll,product,desktop
2025-01-11 04:42:27,8,scroll,product,desktop
2025-01-02 13:42:41,60,scroll,checkout,tablet
2025-01-28 14:03:06,11,view,search,desktop
2025-01-20 17:43:52,52,click,product,mobile
2025-01-23 10:30:03,36,click,search,mobile
2025-01-13 18:14:02,99,scroll,home,mobile
2025-01-09 13:28:39,61,view,search,desktop
2025-01-07 13:22:00,79,purchase,home,desktop
2025-01-25 20:04:13,31,click,checkout,desktop
2025-01-05 06:30:11,48,purchase,search,desktop
2025-01-20 05:24:17,94,scroll,product,tablet
2025-01-14 22:58:01,56,scroll,checkout,mobile
2025-01-21 02:37:48,73,click,home,desktop
2025-01-10 16:32:53,46,click,home,desktop
2025-01-01 14:36:56,63,view,home,desktop
2025-01-01 18:53:40,7,view,search,desktop
2025-01-09 09:58:05,28,click,search,desktop
2025-01-06 08:56:21,57,view,home,mobile
2025-01-15 07:30:39,7,scroll,search,desktop
2025-01-13 04:55:35,41,scroll,search,desktop
2025-01-09 13:01:46,21,view,home,mobile
2025-01-16 06:16:00,85,purchase,checkout,desktop
2025-01-13 09:02:31,32,purchase,checkout,desktop
2025-01-29 12:18:41,100,click,search,desktop
2025-01-08 04:53:35,30,purchase,product,tablet
2025-01-02 18:33:37,29,scroll,home,tablet
2025-01-20 13:52:52,89,view,home,mobile
2025-01-20 06:14:25,90,purchase,home,tablet
2025-01-25 01:58:13,86,view,checkout,mobile
2025-01-20 08:45:38,29,scroll,checkout,desktop
2025-01-26 21:42:33,96,click,product,tablet
2025-01-23 18:25:18,20,purchase,product,desktop
2025-01-18 07:43:09,36,view,search,mobile
2025-01-22 05:03:09,84,click,product,tablet
2025-01-02 12:28:23,4,scroll,home,desktop
2025-01-04 02:53:24,76,scroll,product,mobile
2025-01-07 23:53:47,39,view,checkout,desktop
2025-01-14 21:39:16,80,view,home,mobile
2025-01-25 16:43:24,68,click,home,desktop
2025-01-30 06:50:10,7,view,home,tablet
2025-01-21 02:03:55,19,purchase,home,tablet
2025-01-01 03:01:46,96,click,home,tablet
2025-01-16 11:02:18,74,purchase,home,desktop
2025-01-11 21:55:44,23,scroll,search,tablet
2025-01-13 08:17:16,64,view,product,mobile
2025-01-16 05:42:46,33,view,product,tablet
2025-01-25 18:43:52,14,view,product,tablet
2025-01-26 16:23:06,34,click,search,tablet
2025-01-01 01:04:19,55,scroll,home,mobile
2025-01-19 01:10:58,22,purchase,home,mobile
2025-01-02 05:55:06,35,click,home,desktop
2025-01-21 10:03:07,84,view,checkout,desktop
2025-01-28 20:51:16,3,view,checkout,mobile
2025-01-13 12:51:04,92,click,checkout,tablet
2025-01-10 11:36:13,45,view,search,mobile
2025-01-19 02:29:05,91,click,search,tablet
2025-01-03 13:12:20,30,click,product,mobile
2025-01-14 02:31:01,53,click,product,tablet
2025-01-26 22:41:22,94,click,product,mobile
2025-01-16 16:53:25,38,scroll,search,mobile
2025-01-11 17:01:17,42,purchase,home,tablet
2025-01-28 06:05:11,40,scroll,product,mobile
2025-01-05 06:57:27,76,view,search,tablet
2025-01-25 15:04:27,39,view,home,desktop
2025-01-01 01:05:00,44,click,checkout,desktop
2025-01-06 19:20:17,49,view,checkout,desktop
2025-01-23 00:20:23,47,click,search,tablet
2025-01-20 06:14:00,5,purchase,product,tablet
2025-01-27 22:10:37,44,purchase,product,desktop
2025-01-08 09:16:37,21,click,home,mobile
2025-01-12 20:17:43,17,scroll,search,desktop
2025-01-19 11:27:25,6,view,search,mobile
2025-01-25 12:42:02,63,view,product,mobile
2025-01-15 12:53:10,22,view,home,mobile
2025-01-03 04:15:43,23,purchase,search,tablet
2025-01-18 13:13:28,68,view,product,tablet
2025-01-18 22:34:47,42,click,product,desktop
2025-01-07 04:10:03,96,scroll,search,tablet
2025-01-22 06:43:48,31,click,search,mobile
2025-01-01 02:42:57,65,scroll,checkout,desktop
2025-01-11 04:26:15,69,click,checkout,desktop
2025-01-26 05:40:52,99,scroll,product,tablet
2025-01-23 00:17:21,88,view,home,tablet
2025-01-15 20:14:19,31,click,checkout,tablet
2025-01-30 22:18:34,12,click,product,mobile
2025-01-02 13:05:58,67,click,product,tablet
2025-01-09 03:51:29,15,scroll,search,mobile
2025-01-29 06:57:58,100,click,checkout,tablet
2025-01-15 12:21:53,48,view,product,tablet
2025-01-30 16:03:51,12,scroll,product,mobile
2025-01-09 14:37:14,82,view,checkout,desktop
2025-01-29 08:09:32,38,view,search,desktop
2025-01-11 11:37:45,10,purchase,home,tablet
2025-01-27 18:41:53,18,view,home,mobile
2025-01-26 18:19:04,95,purchase,product,desktop
2025-01-18 19:52:20,71,view,home,tablet
2025-01-11 05:13:45,9,purchase,checkout,tablet
2025-01-11 21:39:10,74,view,checkout,tablet
2025-01-02 02:45:41,60,click,product,tablet
2025-01-03 00:31:42,83,scroll,search,tablet
2025-01-06 14:29:30,13,scroll,search,desktop
2025-01-06 07:16:35,71,click,search,tablet
2025-01-10 09:19:54,8,view,product,desktop
2025-01-04 00:46:34,33,scroll,home,mobile
2025-01-09 23:43:14,83,scroll,home,desktop
2025-01-29 11:22:20,35,click,home,desktop
2025-01-20 09:35:08,72,view,home,mobile
2025-01-25 14:19:22,63,scroll,home,mobile
2025-01-21 13:44:45,45,scroll,checkout,tablet
2025-01-06 10:47:48,75,view,checkout,mobile
2025-01-05 22:16:24,57,scroll,product,mobile
2025-01-01 14:24:23,51,view,checkout,mobile
2025-01-14 17:29:28,76,click,search,mobile
2025-01-04 17:39:02,24,scroll,product,desktop
2025-01-03 09:28:14,75,scroll,home,desktop
2025-01-22 02:27:50,40,scroll,checkout,desktop
2025-01-01 21:00:41,17,click,product,desktop
2025-01-10 22:16:29,45,view,checkout,tablet
2025-01-06 16:58:44,100,scroll,product,mobile
2025-01-05 17:54:33,29,purchase,checkout,mobile
2025-01-11 09:57:46,45,purchase,product,desktop
2025-01-23 15:51:28,87,view,search,mobile
2025-01-22 16:24:22,82,click,search,mobile
2025-01-17 12:14:46,36,view,checkout,tablet
2025-01-21 02:54:32,58,view,product,mobile
2025-01-26 07:57:43,45,scroll,home,mobile
2025-01-17 14:39:54,86,scroll,product,tablet
2025-01-15 13:01:09,55,scroll,product,mobile
2025-01-03 09:57:34,74,click,search,mobile
2025-01-26 00:52:59,87,purchase,product,tablet
2025-01-29 14:00:58,44,view,search,desktop
2025-01-22 09:51:16,30,click,search,desktop
2025-01-02 19:18:37,100,view,checkout,mobile
2025-01-07 09:27:06,80,purchase,product,desktop
2025-01-30 10:55:10,12,view,product,desktop
2025-01-15 18:43:29,99,click,product,mobile
2025-01-27 05:40:32,55,view,search,tablet
2025-01-07 01:40:21,9,scroll,home,desktop
2025-01-06 06:46:28,82,scroll,product,desktop
2025-01-29 10:39:24,21,view,checkout,mobile
2025-01-26 02:24:06,54,click,product,tablet
2025-01-14 13:46:03,57,scroll,search,desktop
2025-01-08 07:17:58,97,scroll,product,mobile
2025-01-14 04:33:44,91,view,search,tablet
2025-01-24 15:26:03,83,view,home,tablet
2025-01-08 12:24:22,22,view,search,tablet
2025-01-19 21:13:12,13,view,product,mobile
2025-01-08 00:30:31,77,click,search,tablet
2025-01-29 17:26:25,79,scroll,search,mobile
2025-01-18 08:37:58,97,click,checkout,tablet
2025-01-01 18:40:40,55,view,search,mobile
2025-01-17 21:11:04,69,click,home,mobile
2025-01-13 17:52:29,81,purchase,search,tablet
2025-01-09 01:42:15,41,click,search,desktop
2025-01-01 02:23:54,18,click,checkout,tablet
2025-01-30 05:17:43,42,scroll,search,tablet
2025-01-11 07:46:49,96,click,home,tablet
2025-01-08 12:05:43,94,purchase,product,tablet
2025-01-20 10:05:14,27,purchase,home,mobile
2025-01-14 15:55:34,1,click,search,tablet
2025-01-21 22:41:46,43,purchase,search,mobile
2025-01-20 14:18:21,21,purchase,product,desktop
2025-01-28 17:35:52,34,click,search,tablet
2025-01-10 06:06:11,75,scroll,search,desktop
2025-01-06 03:15:04,36,view,product,desktop
2025-01-03 20:11:05,24,click,search,tablet
2025-01-17 18:09:29,15,view,product,mobile
2025-01-04 17:39:34,19,scroll,home,tablet
2025-01-07 05:18:47,36,scroll,product,tablet
2025-01-01 07:32:58,57,scroll,checkout,mobile
2025-01-07 01:21:08,20,view,checkout,tablet
2025-01-12 12:34:41,98,scroll,product,mobile
2025-01-07 00:49:11,9,view,product,tablet
2025-01-01 11:54:04,59,click,home,mobile
2025-01-08 19:06:53,58,purchase,checkout,desktop
2025-01-27 00:15:47,28,scroll,checkout,tablet
2025-01-10 01:42:55,56,purchase,home,tablet
2025-01-04 05:18:56,63,scroll,checkout,mobile
2025-01-04 18:51:48,37,view,checkout,desktop
2025-01-07 04:48:48,60,scroll,product,desktop
2025-01-18 10:24:43,44,purchase,checkout,desktop
2025-01-25 07:46:11,36,purchase,product,desktop
2025-01-22 14:56:52,51,click,home,mobile
2025-01-04 13:03:04,98,click,product,desktop
2025-01-22 19:47:17,5,scroll,search,tablet
2025-01-03 02:47:42,81,purchase,checkout,tablet
2025-01-11 17:09:23,70,scroll,checkout,desktop
2025-01-25 09:58:58,64,view,checkout,tablet
2025-01-24 11:49:14,82,scroll,checkout,desktop
2025-01-05 14:10:10,9,click,search,mobile
2025-01-03 06:05:15,83,view,product,tablet
2025-01-21 00:25:10,17,view,home,tablet
2025-01-24 07:48:18,70,view,product,tablet
2025-01-03 00:08:20,45,scroll,checkout,mobile
2025-01-02 16:23:29,34,purchase,home,tablet
2025-01-22 00:10:02,9,click,home,desktop
2025-01-29 08:33:40,43,scroll,product,tablet
2025-01-22 02:25:16,90,click,home,desktop
2025-01-05 17:37:54,78,click,checkout,desktop
2025-01-02 12:47:15,75,click,checkout,tablet
2025-01-28 04:43:18,63,view,product,tablet
2025-01-26 23:17:59,61,click,home,mobile
2025-01-05 04:19:45,91,view,home,desktop
2025-01-19 02:48:18,71,view,search,desktop
2025-01-22 13:35:40,90,click,search,mobile
2025-01-14 07:01:13,54,click,checkout,mobile
2025-01-13 23:41:52,67,view,home,desktop
2025-01-19 14:28:37,85,scroll,search,mobile
2025-01-26 04:19:44,89,click,search,mobile
2025-01-27 18:40:12,19,purchase,home,desktop
2025-01-20 16:44:24,56,purchase,checkout,desktop
2025-01-01 05:05:08,58,click,search,desktop
2025-01-21 10:11:32,26,scroll,checkout,tablet
2025-01-18 18:10:41,97,purchase,home,mobile
2025-01-18 18:33:49,29,purchase,search,mobile
2025-01-12 03:43:22,26,scroll,home,mobile
2025-01-14 16:08:50,15,view,home,mobile
2025-01-18 08:58:55,97,scroll,product,mobile
2025-01-10 15:48:36,75,click,checkout,desktop
2025-01-17 22:48:51,11,click,search,tablet
2025-01-28 13:03:15,12,scroll,search,mobile
2025-01-11 11:57:58,60,view,search,mobile
2025-01-08 03:55:37,26,scroll,search,tablet
2025-01-12 08:16:32,58,click,search,mobile
2025-01-14 20:15:25,16,view,checkout,mobile
2025-01-11 23:56:29,4,click,home,mobile
2025-01-08 08:26:18,55,view,product,tablet
2025-01-18 15:35:54,42,view,home,desktop
2025-01-30 14:44:50,28,scroll,home,mobile
2025-01-18 15:30:54,68,purchase,search,desktop
2025-01-23 05:13:37,98,scroll,home,tablet
2025-01-11 22:12:19,20,click,checkout,desktop
2025-01-02 03:53:56,72,purchase,checkout,desktop
2025-01-02 23:24:23,76,scroll,search,desktop
2025-01-13 21:49:32,86,view,search,desktop
2025-01-19 04:36:55,47,view,checkout,mobile
2025-01-05 23:21:59,39,scroll,checkout,desktop
2025-01-28 11:43:47,10,view,product,desktop
2025-01-10 04:48:19,42,purchase,search,tablet
2025-01-28 00:22:08,68,view,home,tablet
2025-01-09 21:32:25,44,scroll,checkout,desktop
2025-01-16 10:42:59,94,click,home,tablet
2025-01-03 14:36:09,59,view,search,desktop
2025-01-08 08:37:18,81,scroll,search,mobile
2025-01-02 06:58:56,81,scroll,search,tablet
2025-01-15 09:49:05,77,click,product,desktop
2025-01-21 08:34:05,65,click,product,mobile
2025-01-09 09:39:53,40,view,home,tablet
2025-01-28 07:18:22,96,purchase,search,desktop
2025-01-12 10:20:41,75,view,product,mobile
2025-01-28 07:14:59,67,click,home,tablet
2025-01-23 13:57:33,75,click,product,mobile
2025-01-20 16:38:48,94,view,home,mobile
2025-01-19 18:59:24,44,purchase,home,tablet
2025-01-26 11:56:08,33,purchase,search,desktop
2025-01-03 19:10:24,91,click,search,mobile
2025-01-07 22:51:17,82,view,search,desktop
2025-01-30 18:50:31,93,scroll,search,tablet
2025-01-22 21:09:20,91,click,home,desktop
2025-01-09 14:15:12,76,purchase,checkout,tablet
2025-01-04 14:21:08,21,purchase,home,desktop
2025-01-20 00:36:18,9,scroll,search,tablet
2025-01-09 12:18:50,15,purchase,home,desktop
2025-01-04 00:24:20,100,scroll,checkout,mobile
2025-01-15 20:17:54,7,click,product,tablet
2025-01-04 07:22:01,84,purchase,home,desktop
2025-01-01 13:27:43,53,click,home,mobile
2025-01-12 19:09:13,20,purchase,search,desktop
2025-01-18 22:16:10,97,click,product,mobile
2025-01-09 05:18:53,35,scroll,home,mobile
2025-01-14 16:45:48,51,scroll,checkout,desktop
2025-01-14 13:59:00,44,view,search,tablet
2025-01-18 06:08:33,84,scroll,search,tablet
2025-01-15 08:13:33,100,scroll,search,tablet
2025-01-13 11:35:57,56,scroll,search,mobile
2025-01-23 18:12:07,31,scroll,search,mobile
2025-01-15 09:15:44,77,view,checkout,mobile
2025-01-11 07:08:44,56,click,product,desktop
2025-01-13 18:39:05,33,purchase,home,desktop
2025-01-27 02:08:04,16,click,checkout,mobile
2025-01-10 15:06:10,94,view,search,tablet
2025-01-02 10:58:21,56,scroll,home,desktop
2025-01-24 05:22:24,64,purchase,search,mobile
2025-01-06 03:58:08,91,view,home,desktop
2025-01-19 14:08:36,9,view,checkout,desktop
2025-01-30 16:04:40,68,purchase,product,desktop
2025-01-20 06:32:36,13,purchase,product,desktop
2025-01-17 02:07:38,98,scroll,home,desktop
2025-01-22 19:59:59,49,view,checkout,desktop
2025-01-08 09:25:11,81,click,home,tablet
2025-01-19 21:20:06,17,purchase,checkout,desktop
2025-01-08 13:47:10,66,view,home,mobile
2025-01-28 21:34:54,94,scroll,search,tablet
2025-01-15 08:59:04,60,scroll,checkout,desktop
2025-01-15 20:01:28,81,purchase,home,tablet
2025-01-10 05:09:57,47,scroll,product,tablet
2025-01-19 21:52:20,25,scroll,checkout,desktop
2025-01-27 06:04:05,29,purchase,checkout,desktop
2025-01-09 06:06:15,14,click,checkout,mobile
2025-01-14 13:06:18,44,view,checkout,desktop
2025-01-18 05:17:57,76,click,home,mobile
2025-01-13 02:36:52,12,view,search,tablet
2025-01-22 08:02:57,31,click,product,desktop
2025-01-23 20:56:08,94,view,home,mobile
2025-01-22 20:54:38,83,view,product,tablet
2025-01-20 08:18:04,1,scroll,checkout,desktop
2025-01-27 16:46:55,73,click,checkout,mobile
2025-01-15 11:15:11,68,click,home,desktop
2025-01-25 03:01:02,75,purchase,product,tablet
2025-01-15 17:28:44,29,click,home,tablet
2025-01-28 14:53:20,80,purchase,product,mobile
2025-01-21 17:25:20,28,scroll,search,tablet
2025-01-13 06:52:49,24,purchase,home,mobile
2025-01-16 02:03:56,31,purchase,home,tablet
2025-01-08 15:21:55,46,purchase,home,mobile
2025-01-14 02:28:09,56,purchase,product,tablet
2025-01-18 12:04:36,49,purchase,product,desktop
2025-01-18 04:03:07,88,click,search,tablet
2025-01-14 17:02:28,39,purchase,product,tablet
2025-01-20 07:40:16,96,click,product,desktop
2025-01-13 10:08:51,63,click,checkout,desktop
2025-01-03 05:19:22,19,purchase,checkout,desktop
2025-01-19 08:34:14,15,purchase,search,mobile
2025-01-20 03:09:37,8,purchase,product,desktop
2025-01-30 02:19:22,49,click,home,tablet
2025-01-21 22:41:41,33,click,checkout,mobile
2025-01-04 22:03:22,7,purchase,product,tablet
2025-01-14 23:42:50,37,scroll,home,desktop
2025-01-21 09:26:06,83,click,home,desktop
2025-01-15 13:22:33,97,scroll,product,desktop
2025-01-12 08:25:35,1,scroll,checkout,mobile
2025-01-25 05:27:42,79,view,product,tablet
2025-01-22 15:31:39,18,scroll,checkout,mobile
2025-01-04 20:36:44,78,scroll,checkout,tablet
2025-01-22 01:26:06,76,view,search,tablet
2025-01-23 18:48:00,9,purchase,search,desktop
2025-01-09 18:10:51,28,click,product,tablet
2025-01-10 19:45:50,16,purchase,home,desktop
2025-01-18 14:11:28,89,scroll,checkout,mobile
2025-01-12 23:40:36,65,purchase,checkout,desktop
2025-01-06 08:41:53,71,purchase,product,tablet
2025-01-09 22:50:54,20,view,product,tablet
2025-01-12 23:30:58,91,view,home,tablet
2025-01-14 16:54:18,42,purchase,product,desktop
2025-01-19 08:41:49,1,click,checkout,desktop
2025-01-27 13:08:31,91,scroll,home,mobile
2025-01-10 13:55:01,87,purchase,search,mobile
2025-01-03 20:26:47,2,scroll,home,tablet
2025-01-02 15:34:30,39,purchase,search,desktop
2025-01-19 10:45:18,13,click,search,desktop
2025-01-21 01:23:03,41,purchase,checkout,mobile
2025-01-28 03:15:39,30,purchase,search,tablet
2025-01-29 11:38:32,5,click,product,desktop
2025-01-02 13:51:31,57,click,checkout,mobile
2025-01-20 08:50:44,80,scroll,checkout,desktop
2025-01-28 10:13:34,9,scroll,checkout,tablet
2025-01-20 06:28:54,1,click,search,desktop
2025-01-03 02:58:14,85,click,checkout,tablet
2025-01-10 07:06:33,71,scroll,home,mobile
2025-01-25 07:11:15,21,click,checkout,desktop
2025-01-17 18:12:28,66,scroll,product,desktop
2025-01-30 02:37:58,49,scroll,search,desktop
2025-01-09 17:29:05,53,view,home,desktop
2025-01-03 07:39:18,92,view,search,desktop
2025-01-03 13:07:58,90,purchase,checkout,tablet
2025-01-04 13:47:09,53,purchase,home,mobile
2025-01-23 05:10:28,19,view,search,desktop
2025-01-12 09:42:38,63,purchase,product,mobile
2025-01-29 22:47:02,5,purchase,checkout,desktop
2025-01-21 06:55:57,82,scroll,product,tablet
2025-01-09 21:39:01,100,click,product,mobile
2025-01-23 18:56:10,41,purchase,search,desktop
2025-01-11 10:09:11,64,purchase,checkout,desktop
2025-01-28 03:36:12,20,purchase,checkout,mobile
2025-01-13 12:53:56,24,view,checkout,tablet
2025-01-04 07:30:19,94,purchase,home,mobile
2025-01-30 08:58:10,37,click,checkout,mobile
2025-01-10 00:14:20,82,purchase,search,desktop
2025-01-09 23:25:40,21,purchase,checkout,desktop
2025-01-03 16:53:17,75,scroll,product,desktop
2025-01-26 23:32:33,74,purchase,search,tablet
2025-01-17 23:36:23,98,click,product,mobile
2025-01-26 14:32:33,78,purchase,home,mobile
2025-01-03 17:16:42,2,purchase,home,desktop
2025-01-30 16:21:25,6,scroll,checkout,tablet
2025-01-01 01:26:48,21,view,product,desktop
2025-01-28 14:01:17,68,purchase,search,desktop
2025-01-19 21:51:59,42,view,product,mobile
2025-01-01 19:54:04,57,click,product,mobile
2025-01-03 10:56:39,35,scroll,product,desktop
2025-01-10 07:11:25,29,view,product,desktop
2025-01-29 02:27:34,72,click,home,mobile
2025-01-04 04:26:52,56,scroll,product,desktop
2025-01-23 03:28:12,40,click,checkout,desktop
2025-01-28 22:14:41,92,scroll,product,desktop
2025-01-23 19:13:33,6,click,home,mobile
2025-01-28 21:43:02,79,click,checkout,tablet
2025-01-29 06:47:58,59,click,search,tablet
2025-01-04 21:15:43,100,scroll,search,desktop
2025-01-11 20:44:48,21,view,product,mobile
2025-01-22 22:47:37,24,click,product,tablet
2025-01-01 00:54:33,16,click,product,mobile
2025-01-02 22:30:41,88,click,search,tablet
2025-01-14 22:33:42,6,click,search,tablet
2025-01-09 14:13:22,10,click,product,mobile
2025-01-30 17:45:55,81,scroll,search,desktop
2025-01-07 12:51:23,79,view,home,mobile
2025-01-15 19:13:42,21,scroll,search,tablet
2025-01-16 00:28:51,84,purchase,product,tablet
2025-01-12 08:26:40,7,scroll,checkout,desktop
2025-01-28 16:54:25,79,click,checkout,mobile
2025-01-16 10:23:03,75,scroll,home,desktop
2025-01-30 17:34:52,58,view,product,desktop
2025-01-26 02:38:28,53,view,search,desktop
2025-01-16 06:30:19,27,view,product,desktop
2025-01-09 02:01:07,86,scroll,product,mobile
2025-01-02 18:22:33,33,purchase,search,tablet
2025-01-26 15:30:18,63,scroll,home,tablet
2025-01-14 10:13:35,75,purchase,checkout,tablet
2025-01-01 13:57:00,16,purchase,checkout,desktop
2025-01-03 09:37:49,100,purchase,home,desktop
2025-01-29 23:44:18,13,click,checkout,tablet
2025-01-09 07:00:44,36,purchase,checkout,mobile
2025-01-21 11:32:21,5,click,product,mobile
2025-01-13 23:58:03,67,click,product,desktop
2025-01-05 17:52:42,39,purchase,search,desktop
2025-01-13 08:57:29,75,view,product,tablet
2025-01-05 05:13:16,9,click,home,desktop
2025-01-17 04:31:35,54,purchase,home,mobile
2025-01-28 14:40:31,73,click,checkout,mobile
2025-01-19 10:30:07,21,scroll,checkout,mobile
2025-01-29 09:04:54,72,scroll,search,mobile
2025-01-26 05:22:44,63,view,product,desktop
2025-01-17 10:29:11,17,scroll,search,mobile
2025-01-07 01:53:08,3,scroll,search,desktop
2025-01-12 11:47:21,90,scroll,product,mobile
2025-01-20 12:15:50,23,view,product,tablet
2025-01-20 22:17:34,66,purchase,search,tablet
2025-01-05 10:33:34,45,scroll,search,mobile
2025-01-24 15:23:46,5,purchase,home,mobile
2025-01-07 09:13:20,77,click,search,mobile
2025-01-09 10:25:22,43,purchase,product,mobile
2025-01-08 18:47:28,66,view,checkout,mobile
2025-01-12 16:31:02,87,purchase,search,tablet
2025-01-17 16:34:30,84,click,product,mobile
2025-01-05 20:51:48,72,view,home,tablet
2025-01-12 12:01:55,56,view,checkout,mobile
2025-01-14 21:57:37,15,purchase,checkout,tablet
2025-01-22 16:00:39,34,view,search,tablet
2025-01-09 12:20:04,3,purchase,search,mobile
2025-01-29 19:45:12,96,view,checkout,desktop
2025-01-22 02:22:55,85,view,home,tablet
2025-01-02 03:59:06,42,view,home,tablet
2025-01-03 19:27:51,9,view,home,tablet
2025-01-27 06:06:06,77,view,checkout,tablet
2025-01-16 04:54:58,21,purchase,product,tablet
2025-01-16 10:22:49,55,purchase,search,desktop
2025-01-02 06:52:15,76,purchase,search,desktop
2025-01-09 18:55:30,10,click,product,desktop
2025-01-24 08:07:09,62,click,search,tablet
2025-01-14 08:40:15,63,click,home,desktop
2025-01-21 07:57:19,92,purchase,checkout,mobile
2025-01-01 06:52:40,83,view,home,mobile
2025-01-04 17:33:46,19,scroll,home,desktop
2025-01-04 19:07:05,66,scroll,checkout,tablet
2025-01-16 01:46:47,11,purchase,checkout,mobile
2025-01-23 20:01:02,94,click,product,desktop
2025-01-20 06:13:30,20,purchase,home,desktop
2025-01-11 13:06:50,99,purchase,checkout,mobile
2025-01-02 16:57:22,98,click,product,desktop
2025-01-25 10:42:27,78,scroll,search,desktop
2025-01-21 14:34:17,26,purchase,product,mobile
2025-01-03 18:54:08,11,scroll,checkout,tablet
2025-01-02 01:08:04,48,click,product,tablet
2025-01-25 03:31:01,68,view,checkout,mobile
2025-01-23 10:52:57,94,click,home,mobile
2025-01-29 11:01:50,53,view,checkout,tablet
2025-01-26 08:24:54,7,click,product,tablet
2025-01-02 02:04:01,75,purchase,product,mobile
2025-01-09 17:28:24,67,view,search,tablet
2025-01-25 05:16:31,13,click,product,mobile
2025-01-01 00:41:07,59,purchase,home,tablet
2025-01-20 15:07:45,95,scroll,checkout,desktop
2025-01-06 01:49:48,71,purchase,checkout,tablet
2025-01-28 02:21:24,38,click,home,mobile
2025-01-08 10:55:56,16,scroll,checkout,mobile
2025-01-17 04:03:15,44,scroll,checkout,mobile
2025-01-25 15:38:55,60,scroll,product,tablet
2025-01-22 22:26:37,10,purchase,product,desktop
2025-01-12 06:11:55,12,purchase,checkout,mobile
2025-01-14 20:07:38,42,click,checkout,desktop
2025-01-22 12:42:55,69,click,home,desktop
2025-01-06 16:14:02,50,click,search,mobile
2025-01-10 22:29:18,63,click,product,desktop
2025-01-26 02:22:25,11,purchase,product,mobile
2025-01-10 19:37:31,58,view,checkout,tablet
2025-01-27 08:55:21,53,click,search,mobile
2025-01-20 20:55:27,96,view,product,mobile
2025-01-14 13:14:45,92,view,home,mobile
2025-01-15 04:50:32,2,click,product,tablet
2025-01-02 03:42:04,65,click,home,desktop
2025-01-25 09:13:16,77,view,search,desktop
2025-01-30 12:02:05,68,view,checkout,tablet
2025-01-30 10:05:02,8,purchase,product,desktop
2025-01-26 05:48:53,82,click,product,desktop
2025-01-12 22:07:58,59,purchase,checkout,tablet
2025-01-02 05:16:44,49,purchase,product,desktop
2025-01-19 20:22:38,66,click,product,desktop
2025-01-10 05:15:17,48,view,product,tablet
2025-01-09 05:49:00,79,click,search,desktop
2025-01-26 17:04:15,73,view,home,desktop
2025-01-20 19:09:27,11,purchase,search,desktop
2025-01-14 17:51:50,81,click,search,tablet
2025-01-19 20:42:27,42,scroll,search,mobile
2025-01-14 02:37:10,72,click,checkout,mobile
2025-01-04 21:19:45,93,view,search,tablet
2025-01-04 10:33:05,69,scroll,home,tablet
2025-01-16 00:17:46,38,view,checkout,mobile
2025-01-24 17:04:11,31,purchase,checkout,desktop
2025-01-28 05:27:13,25,purchase,checkout,tablet
2025-01-29 11:00:32,65,purchase,home,mobile
2025-01-06 11:40:51,98,view,search,tablet
2025-01-02 23:03:10,93,purchase,product,mobile
2025-01-13 09:29:28,78,click,checkout,desktop
2025-01-18 08:27:26,36,click,product,desktop
2025-01-11 01:35:47,34,scroll,search,mobile
2025-01-16 00:43:30,85,view,product,desktop
2025-01-29 13:39:59,83,scroll,product,mobile
2025-01-25 00:38:45,72,purchase,checkout,tablet
2025-01-07 15:56:53,99,view,checkout,desktop
2025-01-12 23:09:50,24,view,search,desktop
2025-01-04 04:05:45,60,scroll,checkout,desktop
2025-01-25 19:42:22,5,view,product,desktop
2025-01-14 11:11:19,100,purchase,product,desktop
2025-01-15 17:13:54,62,scroll,search,desktop
2025-01-07 02:33:22,32,view,search,mobile
2025-01-07 07:24:27,97,click,product,desktop
2025-01-30 05:48:15,24,purchase,product,tablet
2025-01-22 05:42:58,39,scroll,product,tablet
2025-01-14 02:14:57,72,view,home,tablet
2025-01-23 07:46:53,93,scroll,checkout,tablet
2025-01-03 00:06:47,58,click,checkout,desktop
2025-01-02 16:03:24,82,scroll,product,desktop
2025-01-12 12:45:51,23,purchase,product,tablet
2025-01-08 12:05:21,16,view,checkout,desktop
2025-01-25 23:11:05,45,scroll,checkout,tablet
2025-01-15 20:28:28,5,purchase,search,mobile
2025-01-02 15:03:22,53,purchase,search,tablet
2025-01-28 01:50:32,14,purchase,checkout,mobile
2025-01-03 08:54:07,70,view,product,desktop
2025-01-23 22:36:48,10,scroll,search,tablet
2025-01-03 11:45:56,30,view,home,tablet
2025-01-01 06:53:00,10,click,checkout,tablet
2025-01-03 12:25:10,65,purchase,product,desktop
2025-01-04 06:49:32,28,scroll,product,mobile
2025-01-23 18:20:51,29,scroll,search,mobile
2025-01-20 00:48:12,77,scroll,home,tablet
2025-01-21 10:22:06,42,view,checkout,mobile
2025-01-03 11:39:50,17,click,product,desktop
2025-01-27 21:20:25,29,view,checkout,tablet
2025-01-10 02:13:45,22,purchase,product,tablet
2025-01-17 18:31:28,2,purchase,home,mobile
2025-01-19 14:03:39,72,purchase,search,tablet
2025-01-01 08:05:10,48,click,checkout,desktop
2025-01-04 00:42:23,93,scroll,home,tablet
2025-01-03 22:21:00,14,click,home,desktop
2025-01-20 11:51:55,39,purchase,search,mobile
2025-01-01 15:01:54,90,view,home,tablet
2025-01-24 08:10:11,66,click,search,mobile
2025-01-12 08:24:33,78,scroll,home,desktop
2025-01-17 16:04:29,41,purchase,checkout,tablet
2025-01-25 07:00:46,15,purchase,product,tablet
2025-01-29 06:46:46,4,purchase,search,mobile
2025-01-28 01:23:08,91,click,search,tablet
2025-01-28 23:48:55,89,click,home,mobile
2025-01-30 13:11:20,73,click,home,tablet
2025-01-14 02:17:29,44,view,search,mobile
2025-01-19 13:10:45,51,purchase,home,desktop
2025-01-29 00:13:23,25,view,checkout,desktop
2025-01-10 09:24:56,76,view,home,mobile
2025-01-16 01:05:20,28,click,checkout,tablet
2025-01-16 21:37:02,75,view,product,mobile
2025-01-17 09:28:34,80,scroll,home,tablet
2025-01-01 04:40:46,28,view,home,tablet
2025-01-27 21:31:37,20,scroll,product,tablet
2025-01-07 19:40:11,40,click,search,tablet
2025-01-08 15:31:06,62,purchase,product,desktop
2025-01-24 19:04:24,88,scroll,checkout,mobile
2025-01-20 17:18:37,22,click,search,tablet
2025-01-09 00:49:09,81,view,search,desktop
2025-01-27 15:30:20,73,purchase,checkout,desktop
2025-01-12 14:18:59,1,view,home,tablet
2025-01-21 01:54:06,72,scroll,checkout,desktop
2025-01-05 14:44:23,22,click,checkout,tablet
2025-01-10 12:58:38,86,scroll,checkout,tablet
2025-01-10 15:21:03,19,click,product,desktop
2025-01-13 16:00:38,56,purchase,home,mobile
2025-01-20 20:42:04,26,click,search,tablet
2025-01-12 14:38:09,59,click,home,desktop
2025-01-16 16:50:38,18,scroll,checkout,mobile
2025-01-08 03:19:52,49,click,product,tablet
2025-01-02 11:36:00,11,view,search,mobile
2025-01-04 14:29:19,31,purchase,search,desktop
2025-01-23 19:46:31,57,purchase,search,tablet
2025-01-26 20:24:38,8,purchase,checkout,desktop
2025-01-24 07:04:39,63,scroll,product,mobile
2025-01-17 11:47:05,25,scroll,checkout,mobile
2025-01-08 09:17:11,54,click,search,mobile
2025-01-10 20:59:53,56,click,search,mobile
2025-01-06 22:07:10,51,scroll,search,tablet
2025-01-21 00:25:16,5,purchase,product,desktop
2025-01-06 02:08:37,97,view,home,mobile
2025-01-14 07:35:41,58,view,search,tablet
2025-01-06 17:18:11,28,click,home,mobile
2025-01-18 04:32:10,79,view,checkout,desktop
2025-01-22 11:26:33,23,scroll,home,desktop
2025-01-10 04:42:07,21,view,product,mobile
2025-01-08 21:21:15,15,click,product,tablet
2025-01-05 11:25:10,19,click,home,desktop
2025-01-21 06:36:30,6,scroll,product,desktop
2025-01-16 14:00:09,65,click,checkout,mobile
2025-01-04 09:08:27,47,purchase,home,desktop
2025-01-25 08:40:02,73,view,home,tablet
2025-01-11 08:36:24,68,purchase,search,desktop
2025-01-19 09:14:57,5,click,checkout,tablet
2025-01-25 07:10:49,85,view,product,desktop
2025-01-11 19:56:00,17,purchase,home,tablet
2025-01-25 04:51:47,79,scroll,search,mobile
2025-01-06 18:59:48,90,purchase,home,mobile
2025-01-17 06:20:57,37,click,home,desktop
2025-01-14 00:57:08,69,view,home,desktop
2025-01-24 04:35:42,78,click,search,desktop
2025-01-25 03:45:47,30,scroll,home,desktop
2025-01-14 17:10:05,76,view,product,tablet
2025-01-30 22:27:23,97,click,home,mobile
2025-01-22 20:52:30,57,scroll,home,desktop
2025-01-26 13:34:45,53,view,search,desktop
2025-01-03 06:33:29,79,scroll,product,mobile
2025-01-03 09:11:27,13,click,checkout,desktop
2025-01-20 06:04:31,52,scroll,product,tablet
2025-01-18 16:50:53,10,purchase,search,mobile
2025-01-05 07:50:51,42,click,product,desktop
2025-01-12 10:09:58,6,scroll,search,desktop
2025-01-04 01:37:25,60,scroll,home,tablet
2025-01-25 12:32:29,24,purchase,checkout,tablet
2025-01-14 12:30:34,1,purchase,checkout,mobile
2025-01-04 14:41:50,42,scroll,checkout,desktop
2025-01-10 12:50:50,13,scroll,home,desktop
2025-01-16 12:35:59,94,click,home,mobile
2025-01-18 17:15:39,41,click,home,desktop
2025-01-30 12:29:34,11,click,product,tablet
2025-01-07 05:11:57,82,scroll,home,desktop
2025-01-09 15:30:42,74,purchase,product,mobile
2025-01-08 13:50:21,91,scroll,search,tablet
2025-01-09 11:12:14,41,scroll,checkout,desktop
2025-01-11 19:02:06,62,scroll,product,mobile
2025-01-13 03:29:57,18,click,product,mobile
2025-01-11 04:12:24,81,view,search,tablet
2025-01-10 13:21:03,21,scroll,product,desktop
2025-01-01 18:42:11,5,scroll,checkout,mobile
2025-01-07 09:46:33,71,purchase,home,desktop
2025-01-14 23:49:35,87,purchase,search,desktop
2025-01-30 13:10:34,97,view,home,desktop
2025-01-27 16:39:28,19,scroll,checkout,mobile
2025-01-26 21:58:39,73,scroll,product,mobile
2025-01-10 00:52:18,64,scroll,home,mobile
2025-01-13 18:22:46,61,click,product,mobile
2025-01-07 11:13:31,56,view,checkout,desktop
2025-01-14 18:56:55,85,click,checkout,desktop
2025-01-09 11:19:57,88,view,checkout,mobile
2025-01-28 20:46:10,53,view,search,mobile
2025-01-11 02:08:45,87,view,checkout,desktop
2025-01-13 15:37:54,61,view,product,desktop
2025-01-16 12:01:26,89,click,checkout,mobile
2025-01-03 07:11:22,94,purchase,checkout,tablet
2025-01-16 04:02:20,90,scroll,product,desktop
2025-01-08 06:19:48,6,purchase,home,desktop
2025-01-03 01:56:30,99,scroll,checkout,mobile
2025-01-27 12:27:28,18,purchase,checkout,tablet
2025-01-27 03:31:02,23,view,home,tablet
2025-01-16 10:49:00,2,purchase,home,desktop
2025-01-14 10:56:35,38,purchase,search,mobile
2025-01-12 19:08:32,94,purchase,checkout,mobile
2025-01-29 09:43:55,87,purchase,checkout,tablet
2025-01-17 11:23:04,81,click,product,desktop
2025-01-20 04:06:29,36,view,search,mobile
2025-01-28 05:10:29,67,purchase,product,mobile
2025-01-29 13:56:35,54,purchase,search,desktop
2025-01-06 13:20:51,31,scroll,product,tablet
2025-01-16 02:37:52,44,view,home,tablet
2025-01-29 15:16:31,54,click,product,tablet
2025-01-12 10:22:50,92,click,checkout,desktop
2025-01-01 01:35:42,74,view,product,mobile
2025-01-06 11:14:01,63,click,home,desktop
2025-01-27 06:43:31,30,click,search,tablet
2025-01-19 10:28:20,75,purchase,search,tablet
2025-01-02 05:30:34,36,scroll,search,desktop
2025-01-23 00:50:17,38,view,search,desktop
2025-01-03 19:51:48,16,purchase,home,tablet
2025-01-19 04:57:11,33,scroll,checkout,mobile
2025-01-21 23:39:24,67,scroll,product,tablet
2025-01-14 15:25:03,68,view,home,tablet
2025-01-28 11:06:22,3,view,home,desktop
2025-01-11 09:01:11,73,view,search,desktop
2025-01-29 01:45:19,36,view,home,tablet
2025-01-09 17:52:14,7,click,search,desktop
2025-01-16 04:41:07,75,click,search,tablet
2025-01-27 06:47:31,88,scroll,product,tablet
2025-01-12 12:25:14,86,scroll,search,mobile
2025-01-17 20:19:15,69,view,search,tablet
2025-01-01 05:23:36,44,click,product,desktop
2025-01-29 23:41:40,89,click,home,desktop
2025-01-16 16:37:50,60,scroll,checkout,desktop
2025-01-22 09:21:29,77,purchase,product,mobile
2025-01-06 00:01:50,43,scroll,product,mobile
2025-01-05 11:07:05,78,view,checkout,tablet
2025-01-13 03:54:18,69,view,product,tablet
2025-01-05 16:30:57,58,click,product,tablet
